Active,Identifier,Compound Name,BMRB ID,HMDB ID,Peaklist File.csv,Peaklist Format,Solvent,PubChem CID,KEGG ID,SMILES,Notes
YES,533,(-)-cotinine,bmse000577,,,BMRB_ID,D2O,854019,,CN1[C@@H](CCC1=O)C2=CN=CC=C2,
YES,367,(-)-Norepinephrine,bmse000404,,,BMRB_ID,D2O,439260,,C1=CC(=C(C=C1[C@H](CN)O)O)O,
YES,130,(+-)-Acetylcarnitine,bmse000142,,,BMRB_ID,D2O,1,,CC(=O)OC(CC(=O)[O-])C[N+](C)(C)C,
YES,475,(+)-4-cholesten-3-one,bmse000519,,,BMRB_ID,CDCl3,91477,C00599,CC(C)CCC[C@@H](C)[C@H]1CC[C@@H]2[C@@]1(CC[C@H]3[C@H]2CCC4=CC(=O)CC[C@]34C)C,
YES,203,(+)-Biotin,bmse000227,,,BMRB_ID,D2O,171548,C00120,C1[C@H]2[C@@H]([C@@H](S1)CCCCC(=O)O)NC(=O)N2,
YES,834,(+)-Limonene,bmse000963,,,BMRB_ID,CDCl3,441245,C07271,CC(=C)[C@@H]1CCC2(C(C1)O2)C,
YES,748,(+)-Pulegone,bmse000839,,,BMRB_ID,CDCl3,442495,C09893,C[C@@H]1CCC(=C(C)C)C(=O)C1,
YES,555,(+)alpha-tocopherol,bmse000600,,,BMRB_ID,CDCl3,14985,C02477,CC1=C(C(=C2CC[C@@](OC2=C1C)(C)CCC[C@H](C)CCC[C@H](C)CCCC(C)C)C)O,
YES,96,(+/-) Nicotine,bmse000105,,,BMRB_ID,D2O,175605,C00745,CN1CCC[14C@H]1C2=CN=CC=C2,
YES,155,(1-Amino-1-phenylmethyl)phosphonic acid,bmse000171,,,BMRB_ID,D2O,98449,,C1=CC=C(C=C1)C(N)P(=O)(O)O,
YES,489,"(1R,2R,4R)-dihydrocarveol",bmse000533,,,BMRB_ID,CDCl3,443163,C11396,C[C@@H]1CC[C@H](C[C@H]1O)C(=C)C,
YES,276,"(1R,3R,4R,5R)-(-)-Quinic acid",bmse000306,,,BMRB_ID,D2O,6508,C00296,C1[C@H](C([C@@H](CC1(C(=O)O)O)O)O)O,
YES,490,(1R)-(-)-myrtenal,bmse000534,,,BMRB_ID,CDCl3,61130,C11939,CC1(C2CC=C(C1C2)C=O)C,
YES,455,"(1S,2S,5R)-(+)-neomenthol",bmse000498,,,BMRB_ID,CDCl3,439263,C00553,C[C@@H]1CC[C@H]([C@H](C1)O)C(C)C,
YES,457,(R)-(-)-Carvone,bmse000500,,,BMRB_ID,CDCl3,439570,C01767,CC1=CC[C@H](CC1=O)C(=C)C,
YES,346,(R)-(-)-Pantolactone,bmse000381,,,BMRB_ID,D2O,439368,C01012,CC1(COC(=O)[C@@H]1O)C,
YES,328,(R)-2-hydroxybutyric acid,bmse000361,,,BMRB_ID,D2O,449265,,CC[C@H](C(=O)O)O,
YES,241,(R)-Lactate,bmse000269,,,BMRB_ID,D2O,61503,C00256,CC(C(=O)O)O,
YES,590,(S)-(-)-perillaldehyde,bmse000638,,,BMRB_ID,CDCl3,2724159,,CC(=C)[C@H]1CCC(=CC1)C=O,
YES,650,(S)-(-)-perillic acid,bmse000698,,,BMRB_ID,ethanol,2724160,,CC(=C)[C@H]1CCC(=CC1)C(=O)O,
YES,515,(s)-(-)-perillyl alcohol,bmse000559,,,BMRB_ID,CDCl3,369312,C02452,CC(=C)[C@H]1CCC(=CC1)CO,
YES,526,(S)-(+)-2-hydroxy-3-methylbutyric acid,bmse000570,,,BMRB_ID,D2O,853180,,CC(C)[C@@H](C(=O)O)O,
YES,642,1_naphthalenemethanol,bmse000690,,,BMRB_ID,ethanol,20908,C14089,C1=CC=C2C(=C1)C=CC=C2CO,
YES,679,1-amino-1-cyclohexanecarboxylic acid,bmse000728,,,BMRB_ID,D2O,1366,,C1CCC(CC1)(C(=O)O)N,
YES,275,1-amino-2-propanol,bmse000305,,,BMRB_ID,D2O,4,,CC(CN)O,
YES,445,1-Hexadecanol,bmse000487,,,BMRB_ID,CDCl3,2682,,CCCCCCCCCCCCCCCCO,
YES,641,1-hydroxy-2-naphthoic acid,bmse000689,,,BMRB_ID,ethanol,6844,C03203,C1=CC=C2C(=C1)C=CC(=C2O)C(=O)O,
YES,409,1-Methyl-L-histidine,bmse000449,,,BMRB_ID,D2O,92105,,CN1C=C(N=C1)C[C@@H](C(=O)O)N,
YES,487,1-methylnaphthalene,bmse000531,,,BMRB_ID,CDCl3,7002,C14082,CC1=CC=CC2=CC=CC=C12,
YES,591,1-methylnicotinamide,bmse000639,,,BMRB_ID,DMSO,457,C02918,C[N+]1=CC=CC(=C1)C(=O)N,
YES,488,1-naphthaldehyde,bmse000532,,,BMRB_ID,CDCl3,6195,C14090,C1=CC=C2C(=C1)C=CC=C2C=O,
YES,841,1-Octanol,bmse000970,,,BMRB_ID,CDCl3,957,C00756,CCCCCCCCO,
YES,524,"1,2-dichloroethane",bmse000568,,,BMRB_ID,CDCl3,11,C06752,C(CCl)Cl,
YES,273,"1,2-Propanediol",bmse000302,,,BMRB_ID,D2O,1030,,CC(CO)O,
YES,486,"1,2,3,4-tetrahydronaphthalene",bmse000530,,,BMRB_ID,CDCl3,8404,C14114,C1CCC2=CC=CC=C2C1,
YES,741,"1,2,4-Benzenetriol",bmse000831,,,BMRB_ID,D2O,10787,C02814,C1=CC(=C(C=C1O)O)O,
YES,750,"1,2,4-Trichlorobenzene",bmse000841,,,BMRB_ID,CDCl3,13,C06594,C1=CC(=C(C=C1Cl)Cl)Cl,
YES,0,"1,3-Diaminopropane",bmse000001,,,BMRB_ID,D2O,428,C00986,C(CN)CN,
YES,222,"1,3-Dimethylurea",bmse000248,,,BMRB_ID,D2O,7293,,CNC(=O)NC,
YES,274,"1,3-Propanediol",bmse000303,,,BMRB_ID,D2O,10442,,C(CO)CO,
YES,469,"1,4-cyclohexanedione",bmse000513,,,BMRB_ID,CDCl3,12511,C08063,C1CC(=O)CCC1=O,
YES,731,"1,4-D-xylobiose",bmse000793,,,BMRB_ID,D2O,439538,C01630,C1[C@H]([C@@H]([C@H]([C@@H](O1)O[C@@H]2COC([C@@H]([C@H]2O)O)O)O)O)O,
YES,640,"1,4-dihydroxy-2-naphthanoic acid",bmse000688,,,BMRB_ID,ethanol,671,C03657,C1=CC=C2C(=C1)C(=CC(=C2O)C(=O)O)O,
YES,525,"1,6-anhydro-beta-d-glucose",bmse000569,,,BMRB_ID,D2O,2724705,,C1[C@@H]2[C@H]([C@@H]([C@H]([C@H](O1)O2)O)O)O,
YES,485,11-alpha-hydroxyprogesterone,bmse000529,,,BMRB_ID,CDCl3,92730,,CC(=O)[C@H]1CC[C@@H]2[C@@]1(C[C@H]([C@H]3[C@H]2CCC4=CC(=O)CC[C@]34C)O)C,
YES,863,11-Ketoetiocholanolone,bmse001021,,,BMRB_ID,DMSO,101850,,C[C@]12CC[C@H](C[C@H]1CC[C@@H]3[C@@H]2C(=O)C[C@]4([C@H]3CCC4=O)C)O,
YES,652,16-hydroxyhexadecanoic acid,bmse000700,,,BMRB_ID,ethanol,10466,,C(CCCCCCCC(=O)O)CCCCCCCO,
YES,431,17-alpha-hydroxyprogesterone,bmse000472,,,BMRB_ID,CDCl3,6238,C01176,CC(=O)[C@]1(CC[C@@H]2[C@@]1(CC[C@H]3[C@H]2CCC4=CC(=O)CC[C@]34C)C)O,
YES,792,2-alpha-Mannobiose,bmse000910,,,BMRB_ID,D2O,11099946,,C([C@@H]1[C@H]([C@@H]([C@@H]([C@H](O1)O[C@H]2[C@H]([C@@H]([C@H](OC2O)CO)O)O)O)O)O)O,
YES,277,2-Amino-1-phenylethanol,bmse000307,,,BMRB_ID,D2O,1000,C02735,C1=CC=C(C=C1)C(CN)O,
YES,644,2-amino-3-methoxybenzoic acid,bmse000692,,,BMRB_ID,ethanol,255720,C05831,COC1=CC=CC(=C1N)C(=O)O,
YES,664,2-amino-3-phosphonopropionic acid,bmse000713,,,BMRB_ID,D2O,3857,C05672,C(C(C(=O)O)N)P(=O)(O)O,
YES,160,"2-Amino-5-ethyl-1,3,4-thiadiazole",bmse000176,,,BMRB_ID,D2O,26444,,CCC1=NN=C(S1)N,
YES,855,2-Amino-6-chloropurine,bmse000984,,,BMRB_ID,DMSO,5360349,,C1=NC2=C(N1)C(=NC(=N2)N)Cl,
YES,278,2-Aminoethyl dihydrogen phosphate,bmse000308,,,BMRB_ID,D2O,1015,C00346,C(COP(=O)(O)O)N,
YES,279,2-Aminoethylphosphonic acid,bmse000309,,,BMRB_ID,D2O,339,C03557,C(CP(=O)(O)O)N,
YES,280,2-Aminophenol,bmse000310,,,BMRB_ID,D2O,5801,C01987,C1=CC=C(C(=C1)N)O,
YES,302,2-Chlorobenzoic acid,bmse000332,,,BMRB_ID,D2O,8374,C02357,C1=CC=C(C(=C1)C(=O)O)Cl,
YES,327,2-chloroethanol,bmse000360,,,BMRB_ID,D2O,34,C06753,C(CCl)O,
YES,665,2-ethylpiperidine,bmse000714,,,BMRB_ID,D2O,94205,,CCC1CCCCN1,
YES,300,2-Furoic acid,bmse000330,,,BMRB_ID,D2O,6919,,C1=COC(=C1)C(=O)O,
YES,570,2-furoylglycine,bmse000615,,,BMRB_ID,D2O,21863,,C1=COC(=C1)C(=O)NCC(=O)O,
YES,492,2-hexenal,bmse000536,,,BMRB_ID,CDCl3,5281168,C08497,CCC\C=C\C=O,
YES,699,2-Hydroxyethyl salicylate,bmse000750,,,BMRB_ID,CDCl3,6880,,C1=CC=C(C(=C1)C(=O)OCCO)O,
YES,527,2-hydroxyhexanoic acid,bmse000571,,,BMRB_ID,D2O,99824,,CCCCC(C(=O)O)O,
YES,308,2-Hydroxyisocaproic acid,bmse000338,,,BMRB_ID,D2O,92779,,CC(C)CC(C(=O)O)O,
YES,528,2-hydroxyoctanoic acid,bmse000572,,,BMRB_ID,D2O,94180,,CCCCCCC(C(=O)O)O,
YES,666,2-hydroxyphenylacetic acid,bmse000715,,,BMRB_ID,D2O,11970,C05852,C1=CC=C(C(=C1)CC(=O)O)O,
YES,470,2-Indanone,bmse000514,,,BMRB_ID,CDCl3,11983,C07727,C1C(=O)CC2=CC=CC=C21,
YES,853,2-Isopropylmalic,bmse000982,,,BMRB_ID,D2O,77,,CC(C)C(CC(=O)O)(C(=O)O)O,
YES,295,2-ketobutyric acid,bmse000325,,,BMRB_ID,D2O,58,C00109,CCC(=O)C(=O)O,
YES,471,2-methylbenzyl alcohol,bmse000515,,,BMRB_ID,CDCl3,6994,C07213,CC1=CC=CC=C1CO,
YES,606,2-methylglutaric acid,bmse000654,,,BMRB_ID,D2O,12046,C05282,CC(CCC(=O)O)C(=O)O,
YES,493,2-methylnaphthalene,bmse000537,,,BMRB_ID,CDCl3,7055,C14098,CC1=CC2=CC=CC=C2C=C1,
YES,631,2-naphthaldehyde,bmse000679,,,BMRB_ID,acetone,6201,C14099,C1=CC=C2C=C(C=CC2=C1)C=O,
YES,635,2-naphthalenemethanol,bmse000683,,,BMRB_ID,ethanol,74128,C02909,C1=CC=C2C=C(C=CC2=C1)CO,
YES,645,2-naphthoic acid,bmse000693,,,BMRB_ID,ethanol,7123,,C1=CC=C2C=C(C=CC2=C1)C(=O)O,
YES,571,2-octenoic acid,bmse000616,,,BMRB_ID,D2O,5282714,,CCCCC/C=C/C(=O)O,
YES,572,2-phenylbutyric acid,bmse000617,,,BMRB_ID,D2O,7012,,CCC(C1=CC=CC=C1)C(=O)O,
YES,611,2-phenylethanol,bmse000659,,,BMRB_ID,D2O,6054,C05853,C1=CC=C(C=C1)CCO,
YES,757,2-Thiophenecarboxylic acid,bmse000848,,,BMRB_ID,CDCl3,10700,,C1=CSC(=C1)C(=O)O,
YES,623,"2,2-bis(4-chlorophenyl)ethanol",bmse000671,,,BMRB_ID,benzene,17533,C06639,C1=CC(=CC=C1C(CO)C2=CC=C(C=C2)Cl)Cl,
YES,681,"2,2-dimethylsuccinic acid",bmse000730,,,BMRB_ID,D2O,11701,,CC(C)(CC(=O)O)C(=O)O,
YES,663,"2,3-dideoxycytidine",bmse000712,,,BMRB_ID,D2O,24066,,C1C[C@@H](O[C@@H]1CO)N2C=CC(=NC2=O)N,
YES,680,"2,3-difluorobenzyl alcohol",bmse000729,,,BMRB_ID,methanol,447153,,C1=CC(=C(C(=C1)F)F)CO,
YES,872,"2,3-dihydro-2-oxofuran-5-acetate",bmse001031,,,BMRB_ID,DMSO,23615198,,C1C=C(OC1=O)CC(=O)[O-],
YES,1,"2,3-Diphospho-D-glyceric acid",bmse000002,,,BMRB_ID,D2O,186004,C01159,C([C@H](C(=O)O)OP(=O)(O)O)OP(=O)(O)O,
YES,624,"2,4-Dichlorobenzoic acid",bmse000672,,,BMRB_ID,benzene,5787,C06670,C1=CC(=C(C=C1Cl)Cl)C(=O)O,
YES,643,"2,4-dichlorophenol",bmse000691,,,BMRB_ID,benzene,8449,C004762,C1=CC(=C(C=C1Cl)Cl)O,
YES,592,"2,4,5-trichlorophenoxyacetic acid",bmse000640,,,BMRB_ID,benzene,1480,C07100,C1=C(C(=CC(=C1Cl)Cl)Cl)OCC(=O)O,
YES,630,"2,4,6-trichlorophenol",bmse000678,,,BMRB_ID,ethanol,6914,C07098,C1=C(C=C(C(=C1Cl)O)Cl)Cl,
YES,613,"2,5-dichlorohydroquinone",bmse000661,,,BMRB_ID,acetone,65,,C1=C(C(=CC(=C1Cl)O)Cl)O,
YES,625,"2,5-dichlorophenol",bmse000673,,,BMRB_ID,benzene,66,C06602,C1=CC(=C(C=C1Cl)O)Cl,
YES,296,"2,5-dihydroxybenzoic acid",bmse000326,,,BMRB_ID,D2O,3469,C00628,C1=CC(=C(C=C1O)C(=O)O)O,
YES,626,"2,6-dichlorophenol",bmse000674,,,BMRB_ID,benzene,6899,C07096,C1=CC(=C(C(=C1)Cl)O)Cl,
YES,293,2'-Deoxycytidine,bmse000323,,,BMRB_ID,D2O,637,,C1C(C(OC1N2C=CC(=NC2=O)N)CO)O,
YES,2,2'-Deoxyguanosine,bmse000003,,,BMRB_ID,D2O,187790,C00330,C1[C@@H]([C@H](O[C@H]1N2C=NC3=C2NC(=NC3=O)N)CO)O,
YES,734,2'-Deoxyguanosine 5'-monophosphate,bmse000824,,,BMRB_ID,D2O,65059,C00362,C1[C@@H]([C@H](O[C@H]1N2C=NC3=C2NC(=NC3=O)N)COP(=O)(O)O)O,
YES,190,2'-Deoxyguanosine 5'-triphosphate,bmse000210,,,BMRB_ID,D2O,65103,C00286,C1[C@@H]([C@H](O[C@H]1N2C=NC3=C2NC(=NC3=O)N)COP(=O)(O)OP(=O)(O)OP(=O)(O)O)O,
YES,813,2'-Deoxyinosine,bmse000942,,,BMRB_ID,D2O,65058,C05512,C1[C@@H]([C@H](O[C@H]1N2C=NC3=C2NC=NC3=O)CO)O,
YES,290,2'-Deoxyuridine,bmse000320,,,BMRB_ID,D2O,13712,C00526,C1[C@@H]([C@H](O[C@H]1N2C=CC(=O)NC2=O)CO)O,
YES,698,21-Hydroxypregnenolone,bmse000749,,,BMRB_ID,CDCl3,440705,C05485,CC12CCC3C(C1CCC2C(=O)CO)CC=C4C3(CCC(C4)O)C,
YES,491,21-hydroxyprogesterone,bmse000535,,,BMRB_ID,CDCl3,6166,C03205,C[C@]12CC[C@H]3[C@H]([C@@H]1CC[C@@H]2C(=O)CO)CCC4=CC(=O)CC[C@]34C,
YES,432,3-(2-hydroxyethyl)indole,bmse000473,,,BMRB_ID,CDCl3,10685,C00955,C1=CC=C2C(=C1)C(=CN2)CCO,
YES,301,3-(2-Hydroxyphenyl)propionic acid,bmse000331,,,BMRB_ID,D2O,873,C01198,C1=CC=C(C(=C1)CCC(=O)O)O,
YES,235,3-(4-Hydroxyphenyl)pyruvate,bmse000262,,,BMRB_ID,D2O,979,C01179,C1=CC(=CC=C1CC(=O)C(=O)O)O,
YES,831,3-Acetylphenylboronic,bmse000960,,,BMRB_ID,CD3OD,2734310,,B(C1=CC(=CC=C1)C(=O)C)(O)O,
YES,329,3-butyn-1-ol,bmse000362,,,BMRB_ID,D2O,13566,C06146,C#CCCO,
YES,732,3-carboxypropyl-trimethyl-ammonium,bmse000794,,,BMRB_ID,D2O,134,C01181,C[N+](C)(C)CCCC(=O)O,
YES,864,3-Deazauridine,bmse001022,,,BMRB_ID,DMSO,54684286,,C1=CN(C(=O)C=C1O)[C@H]2[C@@H]([C@@H]([C@H](O2)CO)O)O,
YES,751,3-Furoic acid,bmse000842,,,BMRB_ID,CDCl3,10268,,C1=COC=C1C(=O)O,
YES,494,3-hydroxy-2-methyl-4-pyrone,bmse000538,,,BMRB_ID,CDCl3,8369,C11918,CC1=C(C(=O)C=CO1)O,
YES,305,3-Hydroxy-3-methylglutaric acid,bmse000335,,,BMRB_ID,D2O,1662,C03761,CC(CC(=O)O)(CC(=O)O)O,
YES,573,3-hydroxy-4-methoxycinnamic acid,bmse000618,,,BMRB_ID,D2O,736186,C10470,COC1=C(C=C(C=C1)/C=C/C(=O)O)O,
YES,291,3-Hydroxyanthranilic acid,bmse000321,,,BMRB_ID,D2O,86,C00632,C1=CC(=C(C(=C1)O)N)C(=O)O,
YES,294,3-hydroxybenzoic acid,bmse000324,,,BMRB_ID,D2O,7420,C00587,C1=CC(=CC(=C1)O)C(=O)O,
YES,147,3-Hydroxybutyrate,bmse000161,,,BMRB_ID,D2O,441,,CC(CC(=O)O)O,
YES,529,3-hydroxymandelic acid,bmse000573,,,BMRB_ID,D2O,86957,,C1=CC(=CC(=C1)O)C(C(=O)O)O,
YES,309,3-hydroxyphenylacetic acid,bmse000339,,,BMRB_ID,D2O,12122,C05593,C1=CC(=CC(=C1)O)CC(=O)O,
YES,446,3-indoleacetonitrile,bmse000488,,,BMRB_ID,CDCl3,351795,C02938,C1=CC=C2C(=C1)C(=CN2)CC#N,
YES,307,3-Iodo_L-tyrosine,bmse000337,,,BMRB_ID,D2O,439744,C02515,C1=CC(=C(C=C1C[C@@H](C(=O)O)N)I)O,
YES,495,3-isochromanone,bmse000539,,,BMRB_ID,CDCl3,78092,C07728,C1C2=CC=CC=C2COC1=O,
YES,721,3-Methoxybenzamide,bmse000775,,,BMRB_ID,methanol,98487,,COC1=CC=CC(=C1)C(=O)N,
YES,800,3-Methoxytyramine,bmse000929,,,BMRB_ID,D2O,1669,C05587,COC1=C(C=CC(=C1)CCN)O,
YES,536,3-methyl-2-butenoic acid,bmse000581,,,BMRB_ID,D2O,10931,,CC(=CC(=O)O)C,
YES,92,3-Methyl-2-oxobutinoic acid,bmse000101,,,BMRB_ID,D2O,49,C00141,CC(C)C(=O)C(=O)O,
YES,289,3-Methyl-2-oxopentanoic acid,bmse000319,,,BMRB_ID,D2O,47,C03465,CCC(C)C(=O)C(=O)O,
YES,574,3-methyladipic acid,bmse000619,,,BMRB_ID,D2O,2723701,,C[C@H](CCC(=O)O)CC(=O)O,
YES,496,3-methylbenzyl alcohol,bmse000540,,,BMRB_ID,CDCl3,11476,C07216,CC1=CC(=CC=C1)CO,
YES,304,3-Methylcatechol,bmse000334,,,BMRB_ID,D2O,340,C02923,CC1=C(C(=CC=C1)O)O,
YES,433,3-methylcrotonaldehyde,bmse000474,,,BMRB_ID,D2O,61020,C07330,CC(=CC=O)C,
YES,531,3-methylglutaric acid,bmse000575,,,BMRB_ID,D2O,12284,,CC(CC(=O)O)CC(=O)O,
YES,472,3-methylindole,bmse000516,,,BMRB_ID,CDCl3,6736,C08313,CC1=CNC2=CC=CC=C12,
YES,752,3-Methylsalicylaldehyde,bmse000843,,,BMRB_ID,CDCl3,522777,C14087,CC1=CC=CC(=C1O)C=O,
YES,575,3-methylsalicylic acid,bmse000620,,,BMRB_ID,D2O,6738,C14088,CC1=CC=CC(=C1O)C(=O)O,
YES,842,3-Morpholinopropylamine,bmse000971,,,BMRB_ID,CDCl3,61055,,C1COCCN1CCCN,
YES,705,3-Nitrofluoranthene,bmse000756,,,BMRB_ID,CDCl3,13462,C14406,C1=CC=C2C(=C1)C3=C4C2=CC=CC4=C(C=C3)[N+](=O)[O-],
YES,803,3-Phosphono-DL-alanine,bmse000932,,,BMRB_ID,D2O,3857,C05672,C(C(C(=O)O)N)P(=O)(O)O,
YES,576,3-pyridine aldoxime,bmse000621,,,BMRB_ID,D2O,5324568,,C1=CC(=CN=C1)/C=N/O,
YES,577,3-pyridinecarbonitrile,bmse000622,,,BMRB_ID,D2O,79,,C1=CC(=CN=C1)C#N,
YES,303,3-Ureidopropionic acid,bmse000333,,,BMRB_ID,D2O,111,C02642,C(CNC(=O)N)C(=O)O,
YES,75,"3,4-Dehydro-d/L-proline",bmse000080,,,BMRB_ID,D2O,97858,,C1C=CC(N1)C(=O)O,
YES,292,"3,4-Dihydroxy-L-phenylalanine",bmse000322,,,BMRB_ID,D2O,6047,,C1=CC(=C(C=C1C[C@@H](C(=O)O)N)O)O,
YES,298,"3,4-Dihydroxybenzoic acid",bmse000328,,,BMRB_ID,D2O,72,C00230,C1=CC(=C(C=C1C(=O)O)O)O,
YES,632,"3,4-dihydroxyhydrocinnamate",bmse000680,,,BMRB_ID,ethanol,348154,C10447,C1=CC(=C(C=C1CCC(=O)O)O)O,
YES,299,"3,4-Dihydroxyphenylacetic acid",bmse000329,,,BMRB_ID,D2O,547,C01161,C1=CC(=C(C=C1CC(=O)O)O)O,
YES,306,"3,5-dichlorocatechol",bmse000336,,,BMRB_ID,D2O,26173,C02933,C1=C(C=C(C(=C1Cl)O)O)Cl,
YES,297,"3,5-Diiodo-L-tyrosine",bmse000327,,,BMRB_ID,D2O,9305,C01060,C1=C(C=C(C(=C1I)O)I)C[C@@H](C(=O)O)N,
YES,141,4-(2-Aminoethyl)morpholine,bmse000154,,,BMRB_ID,D2O,408285,,C1COCCN1CCN,
YES,427,4-Acetamidobutyric acid,bmse000468,,,BMRB_ID,D2O,18189,C02946,CC(=O)NCCCC(=O)O,
YES,135,4-Aminoantipyrine,bmse000147,,,BMRB_ID,D2O,2151,,CC1=C(C(=O)N(N1C)C2=CC=CC=C2)N,
YES,61,4-Aminobenzoic acid,bmse000066,,,BMRB_ID,D2O,978,C00568,C1=CC(=CC=C1C(=O)O)N,
YES,421,4-Aminophenol,bmse000462,,,BMRB_ID,D2O,403,C02372,C1=CC(=CC=C1N)O,
YES,474,4-chloroacetophenone,bmse000518,,,BMRB_ID,CDCl3,7467,C06647,CC(=O)C1=CC=C(C=C1)Cl,
YES,870,4-chlorobenzaldehyde,bmse001029,,,BMRB_ID,benzene,7726,C06648,C1=CC(=CC=C1C=O)Cl,
YES,398,4-Chlorobenzoic acid,bmse000438,,,BMRB_ID,D2O,6318,C02370,C1=CC(=CC=C1C(=O)O)Cl,
YES,381,4-Chlorocatechol,bmse000420,,,BMRB_ID,D2O,16496,C02375,C1=CC(=C(C=C1Cl)O)O,
YES,420,4-Chlorophenol,bmse000461,,,BMRB_ID,D2O,4684,,C1=CC(=CC=C1O)Cl,
YES,358,4-Chlorophenylacetate,bmse000395,,,BMRB_ID,D2O,15880,C03077,C1=CC(=CC=C1CC(=O)O)Cl,
YES,633,4-ethylphenol,bmse000681,,,BMRB_ID,benzene,31242,C13637,CCC1=CC=C(C=C1)O,
YES,314,4-Guanidinobutyric acid,bmse000344,,,BMRB_ID,D2O,500,C01035,C(CC(=O)O)CN=C(N)N,
YES,404,4-hydroxy-3-methoxybenzyl alcohol,bmse000444,,,BMRB_ID,D2O,62348,C06317,COC1=C(C=CC(=C1)CO)O,
YES,383,4-Hydroxy-3-methoxycinnamaldehyde,bmse000422,,,BMRB_ID,D2O,5280536,C02666,COC1=C(C=CC(=C1)\C=C\C=O)O,
YES,655,4-hydroxy-3-methoxymandelic acid,bmse000703,,,BMRB_ID,D2O,1245,C05584,COC1=C(C=CC(=C1)C(C(=O)O)O)O,
YES,83,4-Hydroxy-benzoic acid,bmse000092,,,BMRB_ID,D2O,135,C00156,C1=CC(=CC=C1C(=O)O)O,
YES,232,4-Hydroxybenzaldehyde,bmse000259,,,BMRB_ID,D2O,126,C00633,C1=CC(=CC=C1C=O)O,
YES,578,4-hydroxybenzyl alcohol,bmse000623,,,BMRB_ID,D2O,125,,C1=CC(=CC=C1CO)O,
YES,137,4-Hydroxycinnamic acid,bmse000150,,,BMRB_ID,D2O,322,C00811,C1=CC(=CC=C1C=CC(=O)O)O,
YES,157,4-Hydroxyphenethyl alcohol,bmse000173,,,BMRB_ID,D2O,10393,C06044,C1=CC(=CC=C1CCO)O,
YES,415,4-Hydroxyphenylacetic acid,bmse000455,,,BMRB_ID,D2O,127,C00642,C1=CC(=CC=C1CC(=O)O)O,
YES,401,4-Hydroxyphenylacetonitrile,bmse000441,,,BMRB_ID,D2O,26548,C03766,C1=CC(=CC=C1CC#N)O,
YES,614,4-isopropylbenzoic acid,bmse000662,,,BMRB_ID,ethanol,10820,C06578,CC(C)C1=CC=C(C=C1)C(=O)O,
YES,554,4-isopropylbenzyl alcohol,bmse000599,,,BMRB_ID,CDCl3,325,C06576,CC(C)C1=CC=C(C=C1)CO,
YES,348,4-Methyl-2-oxovaleric acid,bmse000383,,,BMRB_ID,D2O,70,C00233,CC(C)CC(=O)C(=O)O,
YES,324,4-methyl-5-thiazoleethanol,bmse000355,,,BMRB_ID,D2O,1136,C04294,CC1=C(SC=N1)CCO,
YES,476,4-methylbenzyl alcohol,bmse000520,,,BMRB_ID,CDCl3,11505,C06757,CC1=CC=C(C=C1)CO,
YES,434,4-methylcatechol,bmse000475,,,BMRB_ID,D2O,9958,C06730,CC1=CC(=C(C=C1)O)O,
YES,579,4-methylsalicylic acid,bmse000624,,,BMRB_ID,D2O,5788,C14103,CC1=CC(=C(C=C1)C(=O)O)O,
YES,580,4-methylvaleric acid,bmse000625,,,BMRB_ID,CDCl3,12587,,CC(C)CCC(=O)O,
YES,238,4-Nitrocatechol,bmse000265,,,BMRB_ID,D2O,3505109,C02235,C1=CC(=C(C=C1[N+](=O)[O-])O)O,
YES,199,4-Nitrophenol,bmse000223,,,BMRB_ID,D2O,980,C00870,C1=CC(=CC=C1[N+](=O)[O-])O,
YES,237,4-Nitrophenyl phosphate,bmse000264,,,BMRB_ID,D2O,378,C03360,C1=CC(=CC=C1[N+](=O)[O-])OP(=O)(O)O,
YES,653,4-phenylbutyric acid,bmse000701,,,BMRB_ID,ethanol,4775,,C1=CC=C(C=C1)CCCC(=O)O,
YES,801,4-Pyridoxic,bmse000930,,,BMRB_ID,D2O,6723,C00847,CC1=NC=C(C(=C1O)C(=O)O)CO,
YES,589,"4,4-DDT",bmse000634,,,BMRB_ID,benzene,3036,C04623,C1=CC(=CC=C1C(C2=CC=C(C=C2)Cl)C(Cl)(Cl)Cl)Cl,
YES,473,"4,4-dichlorobenzophenone",bmse000517,,,BMRB_ID,CDCl3,7034,C06643,C1=CC(=CC=C1C(=O)C2=CC=C(C=C2)Cl)Cl,
YES,754,"4,4'-DDD",bmse000845,,,BMRB_ID,CDCl3,6294,C06636,C1=CC(=CC=C1C(C2=CC=C(C=C2)Cl)C(Cl)Cl)Cl,
YES,581,5_methoxytryptamine,bmse000626,,,BMRB_ID,DMSO,1833,,COC1=CC2=C(C=C1)NC=C2CCN,
YES,158,5-(Acetylamino)-2-nitrobenzoic acid,bmse000174,,,BMRB_ID,D2O,78076,,CC(=O)NC1=CC(=C(C=C1)[N+](=O)[O-])C(=O)O,
YES,403,5-(Hydroxymethyl)uracil,bmse000443,,,BMRB_ID,D2O,78168,C03088,C1=C(C(=O)NC(=O)N1)CO,
YES,131,5-Acetylamido-2-chloroaniline,bmse000143,,,BMRB_ID,D2O,103996,,CC(=O)NC1=CC(=C(C=C1)Cl)N,
YES,497,5-alpha-cholestan-3-beta-ol,bmse000541,,,BMRB_ID,CDCl3,6665,,CC(C)CCC[C@@H](C)[C@H]1CC[C@@H]2[C@@]1(CC[C@H]3[C@H]2CC[C@@H]4[C@@]3(CC[C@@H](C4)O)C)C,
YES,447,5-alpha-cholestan-3-one,bmse000489,,,BMRB_ID,CDCl3,92128,C03238,CC(C)CCC[C@@H](C)[C@H]1CC[C@@H]2[C@@]1(CC[C@H]3[C@H]2CC[C@@H]4[C@@]3(CCC(=O)C4)C)C,
YES,448,"5-alpha-pregnane-3,20-dione(allo)",bmse000490,,,BMRB_ID,CDCl3,92810,C03681,CC(=O)[C@H]1CC[C@@H]2[C@@]1(CC[C@H]3[C@H]2CC[C@@H]4[C@@]3(CCC(=O)C4)C)C,
YES,861,5-Aminovaleric,bmse000990,,,BMRB_ID,D2O,138,C00431,C(CCN)CC(=O)O,
YES,416,5-Hydroxy-L-tryptophan,bmse000457,,,BMRB_ID,D2O,439280,C00643,C1=CC2=C(C=C1O)C(=CN2)C[C@@H](C(=O)O)N,
YES,331,5-hydroxyindole-3-acetic acid,bmse000364,,,BMRB_ID,D2O,1826,C05635,C1=CC2=C(C=C1O)C(=CN2)CC(=O)O,
YES,646,5-methoxy-3-indoleacetic acid,bmse000694,,,BMRB_ID,ethanol,18986,,COC1=CC2=C(C=C1)NC=C2CC(=O)O,
YES,814,5-Methoxy-DL-tryptophan,bmse000943,,,BMRB_ID,D2O,119802,,COC1=CC2=C(C=C1)NC=C2CC(C(=O)O)N,
YES,707,5-Methoxypsoralen,bmse000758,,,BMRB_ID,CDCl3,2355,,COC1=C2C=CC(=O)OC2=CC3=C1C=CO3,
YES,382,5-methylcytosine,bmse000421,,,BMRB_ID,D2O,65040,C02376,CC1=C(NC(=O)N=C1)N,
YES,708,5-methyluridine,bmse000759,,,BMRB_ID,D2O,445408,,CC1=CN(C(=O)NC1=O)[C@H]2[C@@H]([C@@H]([C@H](O2)CO)O)O,
YES,435,5-pregnen-3-beta-ol-20-one,bmse000476,,,BMRB_ID,CDCl3,8955,,CC(=O)[C@H]1CC[C@@H]2[C@@]1(CC[C@H]3[C@H]2CC=C4[C@@]3(CC[C@@H](C4)O)C)C,
YES,789,"5,6-Dimethylbenzimidazole",bmse000881,,,BMRB_ID,CD3OD,675,C03114,CC1=CC2=C(C=C1C)N=CN2,
YES,357,6-Aminohexanoic acid,bmse000394,,,BMRB_ID,D2O,564,,C(CCC(=O)O)CCN,
YES,282,6-aminopenicillanic acid,bmse000312,,,BMRB_ID,D2O,11082,C02954,CC1([C@@H](N2[C@H](S1)[C@@H](C2=O)N)C(=O)O)C,
YES,683,6-ethylmercaptopurine,bmse000732,,,BMRB_ID,methanol,94971,C14623,CCSC1=NC=NC2=C1NC=N2,
YES,856,6-Hydroxyflavanone,bmse000985,,,BMRB_ID,DMSO,2734580,C14221,C1C(OC2=C(C1=O)C=C(C=C2)O)C3=CC=CC=C3,
YES,311,6-Hydroxynicotinic acid,bmse000341,,,BMRB_ID,D2O,72924,C01020,C1=CC(=O)NC=C1C(=O)O,
YES,178,6-Phosphogluconic acid,bmse000198,,,BMRB_ID,D2O,91493,C00345,C([C@H]([C@H]([C@@H]([C@H](C(=O)O)O)O)O)O)OP(=O)(O)O,
YES,667,8-anilino-1-naphthalenesulfonic acid,bmse000716,,,BMRB_ID,D2O,1369,C11326,C1=CC=C(C=C1)NC2=CC=CC3=C2C(=CC=C3)S(=O)(=O)O,
YES,477,9-fluorenone,bmse000521,,,BMRB_ID,CDCl3,10241,C06712,C1=CC=C2C(=C1)C3=CC=CC=C3C2=O,
YES,520,9-hydroxyfluorene,bmse000564,,,BMRB_ID,CDCl3,74318,C06711,C1=CC=C2C(=C1)C(C3=CC=CC=C32)O,
YES,426,Acetaldehyde oxime mixture of syn and anti,bmse000467,,,BMRB_ID,D2O,5324279,C02658,C\C=N\O,
YES,735,acetamide,bmse000825,,,BMRB_ID,D2O,178,C06244,CC(=O)N,
YES,173,Acetic acid,bmse000191,,,BMRB_ID,D2O,176,C00033,CC(=O)O,
YES,736,acetonitrile,bmse000826,,,BMRB_ID,D2O,6342,,CC#N,
YES,258,Acetophenone,bmse000286,,,BMRB_ID,D2O,7410,C07113,CC(=O)C1=CC=CC=C1,
YES,532,acetosyringone,bmse000576,,,BMRB_ID,DMSO,17198,C10664,CC(=O)C1=CC(=C(C(=C1)OC)O)OC,
YES,539,acetovanillone,bmse000584,,,BMRB_ID,DMSO,2214,C11380,CC(=O)C1=CC(=C(C=C1)O)OC,
YES,234,Acetyl phosphate,bmse000261,,,BMRB_ID,D2O,186,C00227,CC(=O)OP(=O)(O)O,
YES,423,Acetyl-L-carnitine,bmse000464,,,BMRB_ID,D2O,7045767,,CC(=O)O[C@H](CC(=O)[O-])C[N+](C)(C)C,
YES,152,Acetylcholine,bmse000168,,,BMRB_ID,D2O,187,C01996,CC(=O)OCC[N+](C)(C)C,
YES,379,Acetylenedicarboxylic acid,bmse000416,,,BMRB_ID,D2O,371,C03248,C(#CC(=O)O)C(=O)O,
YES,356,Acrylamide,bmse000392,,,BMRB_ID,D2O,6579,C01659,C=CC(=O)N,
YES,55,Adenine,bmse000060,,,BMRB_ID,D2O,190,C00147,C1=NC2=C(N1)C(=NC=N2)N,
YES,56,Adenosine,bmse000061,,,BMRB_ID,D2O,60961,C00212,C1=NC2=C(C(=N1)N)N=CN2[C@H]3[C@@H]([C@@H]([C@H](O3)CO)O)O,
YES,318,Adenosine-3'-monophosphate,bmse000349,,,BMRB_ID,D2O,41211,C01367,C1=NC2=C(C(=N1)N)N=CN2[C@H]3[C@@H]([C@@H]([C@H](O3)CO)OP(=O)(O)O)O,
YES,385,Adipic acid,bmse000424,,,BMRB_ID,D2O,196,C06104,C(CCC(=O)O)CC(=O)O,
YES,57,Adonitol,bmse000062,,,BMRB_ID,D2O,827,C00474,C(C(C(C(CO)O)O)O)O,
YES,3,ADP,bmse000004,,,BMRB_ID,D2O,6022,C00008,C1=NC2=C(C(=N1)N)N=CN2[C@H]3[C@@H]([C@@H]([C@H](O3)COP(=O)(O)OP(=O)(O)O)O)O,
YES,478,adrenosterone,bmse000522,,,BMRB_ID,CDCl3,223997,C05285,C[C@]12CCC(=O)C=C1CC[C@@H]3[C@@H]2C(=O)C[C@]4([C@H]3CCC4=O)C,
YES,58,Agmatine,bmse000063,,,BMRB_ID,D2O,199,C00179,C(CCN=C(N)N)CN,
YES,366,Ala-Ala,bmse000403,,,BMRB_ID,D2O,5484352,,C[C@@H](C(=O)N[C@@H](C)C(=O)O)N,
YES,254,Alanine,bmse000282,,,BMRB_ID,D2O,602,C01401,CC(C(=O)O)N,
YES,397,Allantoin,bmse000437,,,BMRB_ID,D2O,204,,C1(C(=O)NC(=O)N1)NC(=O)N,
YES,619,alpha_terpineol,bmse000667,,,BMRB_ID,acetone,443162,C11393,CC1=CC[C@H](CC1)C(C)(C)O,
YES,359,alpha-((Methylamino)methyl)benzyl alcohol,bmse000396,,,BMRB_ID,D2O,913,C03711,CNCC(C1=CC=CC=C1)O,
YES,138,alpha-D-Galactose 1-phosphate,bmse000151,,,BMRB_ID,D2O,123912,C00446,C([C@@H]1[C@@H]([C@@H]([C@H]([C@H](O1)OP(=O)(O)O)O)O)O)O,
YES,79,"alpha-D-Glucose 1,6-bisphosphate",bmse000087,,,BMRB_ID,D2O,82400,C00660,C([C@@H]1[C@H]([C@@H]([C@H]([C@H](O1)OP(=O)(O)O)O)O)O)OP(=O)(O)O,
YES,78,alpha-D-Glucose-1-phosphate,bmse000086,,,BMRB_ID,D2O,65533,C11450,C([C@@H]1[C@H]([C@@H]([C@H]([C@H](O1)OP(=O)(O)O)O)O)O)O,
YES,59,alpha-Ketoglutaric acid,bmse000064,,,BMRB_ID,D2O,51,C00026,C(CC(=O)O)C(=O)C(=O)O,
YES,715,alpha-Lipoamide,bmse000769,,,BMRB_ID,methanol,863,C00248,C1CSSC1CCCCC(=O)N,
YES,498,alpha-lipoic acid,bmse000542,,,BMRB_ID,CDCl3,864,,C1CSSC1CCCCC(=O)O,
YES,162,alpha-Naphthoic acid,bmse000178,,,BMRB_ID,D2O,6847,C14091,C1=CC=C2C(=C1)C=CC=C2C(=O)O,
YES,449,alpha-pinene-oxide,bmse000491,,,BMRB_ID,CDCl3,91508,,CC1(C2CC1C3(C(C2)O3)C)C,
YES,4,AMP,bmse000005,,,BMRB_ID,D2O,6083,C00020,C1=NC2=C(C(=N1)N)N=CN2[C@H]3[C@@H]([C@@H]([C@H](O3)COP(=O)(O)O)O)O,
YES,127,Amygdalin,bmse000139,,,BMRB_ID,D2O,656516,C08325,C1=CC=C(C=C1)[C@H](C#N)O[C@H]2[C@@H]([C@H]([C@@H]([C@H](O2)CO[C@H]3[C@@H]([C@H]([C@@H]([C@H](O3)CO)O)O)O)O)O)O,
YES,499,androsterone,bmse000543,,,BMRB_ID,acetone,5879,C00523,C[C@]12CC[C@H](C[C@@H]1CC[C@@H]3[C@@H]2CC[C@]4([C@H]3CCC4=O)C)O,
YES,62,Anthranilic acid,bmse000067,,,BMRB_ID,D2O,227,C00108,C1=CC=C(C(=C1)C(=O)O)N,
YES,684,apocholic acid,bmse000733,,,BMRB_ID,D2O,101818,C15375,C[C@H](CCC(=O)O)[C@H]1CCC2=C3CC[C@@H]4C[C@@H](CC[C@@]4([C@H]3C[C@@H]([C@]12C)O)C)O,
YES,332,arbutin,bmse000365,,,BMRB_ID,D2O,440936,C06186,C1=CC(=CC=C1O)O[C@H]2[C@@H]([C@H]([C@@H]([C@H](O2)CO)O)O)O,
YES,802,Argininosuccinic,bmse000931,,,BMRB_ID,D2O,16950,C03406,C(C[C@@H](C(=O)O)N)CN=C(N)N[C@@H](CC(=O)O)C(=O)O,
YES,5,ATP,bmse000006,,,BMRB_ID,D2O,5957,C00002,C1=NC2=C(C(=N1)N)N=CN2[C@H]3[C@@H]([C@@H]([C@H](O3)COP(=O)(O)OP(=O)(O)OP(=O)(O)O)O)O,
YES,762,ATP,bmse000854,,,BMRB_ID,D2O,5957,C00002,C1=NC2=C(C(=N1)N)N=CN2[C@H]3[C@@H]([C@@H]([C@H](O3)COP(=O)(O)OP(=O)(O)OP(=O)(O)O)O)O,
YES,745,Atrazine,bmse000835,,,BMRB_ID,DMSO,2256,C06551,CCNC1=NC(=NC(=N1)Cl)NC(C)C,
YES,601,atropine,bmse000649,,,BMRB_ID,D2O,174174,,CN1[C@@H]2CC[C@H]1CC(C2)OC(=O)C(CO)C3=CC=CC=C3,
YES,316,Barbituric acid,bmse000346,,,BMRB_ID,D2O,6211,C00813,C1C(=O)NC(=O)NC1=O,
YES,620,benzamide,bmse000668,,,BMRB_ID,ethanol,2331,C09815,C1=CC=C(C=C1)C(=O)N,
YES,272,Benzoate,bmse000300,,,BMRB_ID,D2O,243,C00180,C1=CC=C(C=C1)C(=O)O,
YES,256,Benzonitrile,bmse000284,,,BMRB_ID,D2O,7505,C09814,C1=CC=C(C=C1)C#N,
YES,370,Benzyl alcohol,bmse000407,,,BMRB_ID,D2O,244,,C1=CC=C(C=C1)CO,
YES,647,benzylsuccinic acid,bmse000695,,,BMRB_ID,ethanol,3858,,C1=CC=C(C=C1)CC(CC(=O)O)C(=O)O,
YES,145,beta-Alanine,bmse000159,,,BMRB_ID,D2O,239,C00099,C(CN)C(=O)O,
YES,742,beta-carotene,bmse000832,,,BMRB_ID,CDCl3,5280489,C02094,CC1=C(C(CCC1)(C)C)/C=C/C(=C/C=C/C(=C/C=C/C=C(/C=C/C=C(/C=C/C2=C(CCCC2(C)C)C)\C)\C)/C)/C,
YES,594,beta-Estradiol,bmse000642,,,BMRB_ID,acetone,5757,,C[C@]12CC[C@H]3[C@H]([C@@H]1CC[C@@H]2O)CCC4=C3C=CC(=C4)O,
YES,283,beta-gentiobiose,bmse000313,,,BMRB_ID,D2O,5460026,,C([C@@H]1[C@H]([C@@H]([C@H]([C@@H](O1)OC[C@@H]2[C@H]([C@@H]([C@H](C(O2)O)O)O)O)O)O)O)O,
YES,436,beta-sitosterol,bmse000477,,,BMRB_ID,CDCl3,222284,C01753,CC[C@H](CC[C@@H](C)[C@H]1CC[C@@H]2[C@@]1(CC[C@H]3[C@H]2CC=C4[C@@]3(CC[C@@H](C4)O)C)C)C(C)C,
YES,64,Betaine,bmse000069,,,BMRB_ID,D2O,247,C00719,C[N+](C)(C)CC(=O)[O-],
YES,65,Betaine aldehyde,bmse000070,,,BMRB_ID,D2O,249,C00576,C[N+](C)(C)CC=O,
YES,582,bilirubin,bmse000627,,,BMRB_ID,DMSO,5280352,C00486,CC1=C(NC(=C1CCC(=O)O)CC2=C(C(=C(N2)/C=C\3/C(=C(C(=O)N3)C)C=C)C)CCC(=O)O)/C=C\4/C(=C(C(=O)N4)C=C)C,
YES,462,biphenyl,bmse000506,,,BMRB_ID,CDCl3,7095,C06588,C1=CC=C(C=C1)C2=CC=CC=C2,
YES,685,bis(2-butoxyethyl)phthalate,bmse000734,,,BMRB_ID,acetone,8345,C15438,CCCCOCCOC(=O)C1=CC=CC=C1C(=O)OCCOCCCC,
YES,429,biuret,bmse000470,,,BMRB_ID,D2O,7913,C06555,C(=O)(N)NC(=O)N,
YES,812,Boric,bmse000941,,,BMRB_ID,D2O,7628,,B(O)(O)O,
YES,407,butanol,bmse000447,,,BMRB_ID,D2O,263,C06142,CCCCO,
YES,843,Butyraldehyde,bmse000972,,,BMRB_ID,CDCl3,261,C01412,CCCC=O,
YES,365,Butyric acid,bmse000402,,,BMRB_ID,D2O,264,C00246,CCCC(=O)O,
YES,728,cacodylic acid,bmse000786,,,BMRB_ID,D2O,2513,,C[As](=O)(C)O,
YES,67,Cadaverine,bmse000072,,,BMRB_ID,D2O,273,C01672,C(CCN)CCN,
YES,186,Caffeine,bmse000206,,,BMRB_ID,D2O,2519,C07481,CN1C=NC2=C1C(=O)N(C(=O)N2C)C,
YES,618,carbazole,bmse000666,,,BMRB_ID,CDCl3,6854,C08060,C1=CC=C2C(=C1)C3=CC=CC=C3N2,
YES,244,CDP,bmse000272,,,BMRB_ID,D2O,6132,C00112,C1=CN(C(=O)N=C1N)[C@H]2[C@@H]([C@@H]([C@H](O2)COP(=O)(O)OP(=O)(O)O)O)O,
YES,668,cetyl-trimethyl-ammonium,bmse000717,,,BMRB_ID,D2O,2681,,CCCCCCCCCCCCCCCC[N+](C)(C)C,
YES,656,chalcone,bmse000704,,,BMRB_ID,benzene,637760,C01484,C1=CC=C(C=C1)/C=C/C(=O)C2=CC=CC=C2,
YES,790,Chenodeoxycholic,bmse000908,,,BMRB_ID,acetone,10133,,C[C@H](CCC(=O)O)[C@H]1CC[C@@H]2[C@@]1(CC[C@H]3[C@H]2[C@@H](C[C@H]4[C@@]3(CC[C@H](C4)O)C)O)C,
YES,333,Chloroacetic Acid,bmse000367,,,BMRB_ID,D2O,300,C06755,C(C(=O)O)Cl,
YES,871,chlorobenzene,bmse001030,,,BMRB_ID,benzene,7964,C06990,C1=CC=C(C=C1)Cl,
YES,351,Chlorogenic acid,bmse000387,,,BMRB_ID,D2O,1794427,C00852,C1[C@H]([C@H]([C@@H](C[C@@]1(C(=O)O)O)OC(=O)\C=C\C2=CC(=C(C=C2)O)O)O)O,
YES,326,chlorohydroquinone,bmse000358,,,BMRB_ID,D2O,301,C06601,C1=CC(=C(C=C1O)Cl)O,
YES,463,cholecalciferol,bmse000507,,,BMRB_ID,CDCl3,5280795,,CC(C)CCC[C@@H](C)[C@H]1CC[C@@H]\2[C@@]1(CCC/C2=C\C=C/3\C[C@H](CCC3=C)O)C,
YES,500,cholesteryl palmitate,bmse000544,,,BMRB_ID,CDCl3,246520,C11251,CCCCCCCCCCCCCCCC(=O)O[C@H]1CC[C@@]2([C@H]3CC[C@]4([C@H]([C@@H]3CC=C2C1)CC[C@@H]4[C@H](C)CCCC(C)C)C)C,
YES,758,Cholesteryl stearate,bmse000849,,,BMRB_ID,CDCl3,118246,,CCCCCCCCCCCCCCCCCC(=O)O[C@H]1CC[C@@]2([C@H]3CC[C@]4([C@H]([C@@H]3CC=C2C1)CC[C@@H]4[C@H](C)CCCC(C)C)C)C,
YES,602,cholic acid,bmse000650,,,BMRB_ID,D2O,221493,C00695,C[C@H](CCC(=O)O)[C@H]1CC[C@@H]2[C@@]1([C@H](C[C@H]3[C@H]2[C@@H](C[C@H]4[C@@]3(CC[C@H](C4)O)C)O)O)C,
YES,257,Choline,bmse000285,,,BMRB_ID,D2O,305,C00114,C[N+](C)(C)CCO,
YES,70,Chorismic acid,bmse000075,,,BMRB_ID,D2O,12039,C00251,C=C(C(=O)O)O[C@@H]1C=C(C=C[C@H]1O)C(=O)O,
YES,428,"cis-1,2-cyclohexanediol",bmse000469,,,BMRB_ID,D2O,92903,C12313,C1CC[C@@H]([C@@H](C1)O)O,
YES,607,"cis-1,2-dihydronaphthalene-1,2-diol",bmse000655,,,BMRB_ID,D2O,440294,C04314,C1=CC=C2[C@H]([C@H](C=CC2=C1)O)O,
YES,669,"cis-1,3-dichloropropene",bmse000718,,,BMRB_ID,CDCl3,5280970,C06610,C(/C=C\Cl)Cl,
YES,334,cis-3-chloroacrylic acid,bmse000368,,,BMRB_ID,D2O,643794,C06615,C(=C/Cl)/C(=O)O,
YES,335,cis-3-hexen-1-ol,bmse000369,,,BMRB_ID,D2O,5281167,C08492,CC\C=C/CCO,
YES,521,cis-5-dodecenoic acid,bmse000565,,,BMRB_ID,CDCl3,5312378,,CCCCCC\C=C/CCCC(=O)O,
YES,657,cis-aconitic acid,bmse000705,,,BMRB_ID,D2O,643757,C00417,C(/C(=C/C(=O)O)/C(=O)O)C(=O)O,
YES,583,cis-fenpropimorph,bmse000628,,,BMRB_ID,DMSO,91695,,CC1CN(CC(O1)C)CC(C)CC2=CC=C(C=C2)C(C)(C)C,
YES,179,Citraconic acid,bmse000199,,,BMRB_ID,D2O,874,C02226,CC(=CC(=O)O)C(=O)O,
YES,71,Citrate,bmse000076,,,BMRB_ID,D2O,311,C00158,C(C(=O)O)C(CC(=O)O)(C(=O)O)O,
YES,243,CoA,bmse000271,,,BMRB_ID,D2O,6816,C00010,CC(C)(COP(=O)(O)OP(=O)(O)OC[C@@H]1[C@H]([C@H]([C@@H](O1)N2C=NC3=C2N=CN=C3N)O)OP(=O)(O)O)C(C(=O)NCCC(=O)NCCS)O,
YES,556,coniferaldehyde,bmse000601,,,BMRB_ID,DMSO,5280536,C02666,COC1=C(C=CC(=C1)/C=C/C=O)O,
YES,563,coniferin,bmse000608,,,BMRB_ID,DMSO,5280372,C00761,COC1=C(C=CC(=C1)/C=C/CO)O[C@H]2[C@@H]([C@H]([C@@H]([C@H](O2)CO)O)O)O,
YES,557,coniferyl alcohol,bmse000602,,,BMRB_ID,DMSO,1549095,C00590,COC1=C(C=CC(=C1)/C=C/CO)O,
YES,468,cortexolone,bmse000512,,,BMRB_ID,CDCl3,16219924,,CC12CCC(=O)C=C1CCC3C2CC[C@]4(C3CCC4(C(=O)CO)O)C,
YES,621,corticosterone,bmse000669,,,BMRB_ID,acetone,5753,C02140,C[C@]12CCC(=O)C=C1CC[C@@H]3[C@@H]2[C@H](C[C@]4([C@H]3CC[C@@H]4C(=O)CO)C)O,
YES,615,cortisone,bmse000663,,,BMRB_ID,acetone,222786,,C[C@]12CCC(=O)C=C1CC[C@@H]3[C@@H]2C(=O)C[C@]4([C@H]3CC[C@@]4(C(=O)CO)O)C,
YES,72,Coumarin,bmse000077,,,BMRB_ID,CDCl3,323,C05851,C1=CC=C2C(=C1)C=CC(=O)O2,
YES,73,Creatine,bmse000078,,,BMRB_ID,D2O,586,C00300,CN(CC(=O)O)C(=N)N,
YES,74,Creatine phosphate,bmse000079,,,BMRB_ID,D2O,587,C02305,CN(CC(=O)O)C(=NP(=O)(O)O)N,
YES,142,Creatinine,bmse000155,,,BMRB_ID,D2O,588,C00791,CN1CC(=O)N=C1N,
YES,249,CTP,bmse000277,,,BMRB_ID,D2O,6176,C00063,C1=CN(C(=O)N=C1N)[C@H]2[C@@H]([C@@H]([C@H](O2)COP(=O)(O)OP(=O)(O)OP(=O)(O)O)O)O,
YES,464,cuminaldehyde,bmse000508,,,BMRB_ID,CDCl3,326,C06577,CC(C)C1=CC=C(C=C1)C=O,
YES,608,cyanamide,bmse000656,,,BMRB_ID,D2O,9864,,C(#N)N,
YES,124,Cyanuric acid,bmse000135,,,BMRB_ID,D2O,7956,C06554,C1(=O)NC(=O)NC(=O)N1,
YES,66,cyclic AMP,bmse000071,,,BMRB_ID,D2O,6076,C00575,C1[C@@H]2[C@H]([C@H]([C@@H](O2)N3C=NC4=C3N=CN=C4N)O)OP(=O)(O1)O,
YES,501,cyclohexane,bmse000545,,,BMRB_ID,CDCl3,8078,C11249,C1CCCCC1,
YES,502,cyclohexanecarboxylic acid,bmse000546,,,BMRB_ID,CDCl3,7413,C09822,C1CCC(CC1)C(=O)O,
YES,391,Cyclohexanol,bmse000431,,,BMRB_ID,D2O,7966,C00854,C1CCC(CC1)O,
YES,368,Cyclohexanone,bmse000405,,,BMRB_ID,D2O,7967,C02019,C1CCC(=O)CC1,
YES,411,Cyclohexylamine,bmse000451,,,BMRB_ID,D2O,7965,C00571,C1CCC(CC1)N,
YES,352,Cysteamine,bmse000388,,,BMRB_ID,D2O,6058,C01678,C(CS)N,
YES,172,Cytidine,bmse000190,,,BMRB_ID,D2O,6175,C00475,C1=CN(C(=O)N=C1N)[C@H]2[C@@H]([C@@H]([C@H](O2)CO)O)O,
YES,281,Cytidine-5'-monophosphate,bmse000311,,,BMRB_ID,D2O,6131,C00055,C1=CN(C(=O)N=C1N)[C@H]2[C@@H]([C@@H]([C@H](O2)COP(=O)(O)O)O)O,
YES,164,Cytosine,bmse000180,,,BMRB_ID,D2O,597,C00380,C1=C(NC(=O)N=C1)N,
YES,6,D-(-)-3-Phosphoglyceric acid,bmse000007,,,BMRB_ID,D2O,439183,C00197,C([C@H](C(=O)O)O)OP(=O)(O)O,
YES,8,D-(-)-Fructose,bmse000010,,,BMRB_ID,D2O,439709,C00095,C([C@@H]1[C@H]([C@@H]([C@](O1)(CO)O)O)O)O,
YES,19,D-(-)-Tagatose,bmse000023,,,BMRB_ID,D2O,439312,C00795,C1[C@H]([C@@H]([C@@H](C(O1)(CO)O)O)O)O,
YES,11,D-(+)-Galactose,bmse000013,,,BMRB_ID,D2O,439357,C00984,C([C@@H]1[C@@H]([C@@H]([C@H]([C@H](O1)O)O)O)O)O,
YES,12,D-(+)-Glucose,bmse000015,,,BMRB_ID,D2O,107526,C00267,C([C@@H]1[C@H]([C@@H]([C@H]([C@H](O1)O)O)O)O)O,
YES,865,D-(+)-Glucuronic,bmse001023,,,BMRB_ID,D2O,439782,,[C@@H]12[C@@H]([C@H](C(=O)O1)O)OC([C@@H]2O)O,
YES,14,D-(+)-Maltose,bmse000017,,,BMRB_ID,D2O,6255,C00208,C([C@@H]1[C@H]([C@@H]([C@H]([C@H](O1)O[C@@H]2[C@H](O[C@H]([C@@H]([C@H]2O)O)O)CO)O)O)O)O,
YES,15,D-(+)-Mannose,bmse000018,,,BMRB_ID,D2O,18950,C00159,C([C@@H]1[C@H]([C@@H]([C@@H](C(O1)O)O)O)O)O,
YES,18,D-(+)-Sorbose,bmse000022,,,BMRB_ID,D2O,439304,C00764,C1[C@H]([C@@H]([C@H](C(O1)(CO)O)O)O)O,
YES,20,D-(+)-Threo-isocitric acid,bmse000025,,,BMRB_ID,D2O,439238,C00451,C([C@@H]([C@H](C(=O)O)O)C(=O)O)C(=O)O,
YES,21,D-(+)-Xylose,bmse000026,,,BMRB_ID,D2O,135191,C00181,C1[C@H]([C@@H]([C@H]([C@H](O1)O)O)O)O,
YES,210,D-Alanine,bmse000236,,,BMRB_ID,D2O,71080,C00133,C[C@H](C(=O)O)N,
YES,7,D-Allose,bmse000008,,,BMRB_ID,D2O,439507,C01487,C([C@@H]1[C@H]([C@H]([C@H](C(O1)O)O)O)O)O,
YES,245,D-Aspartate,bmse000273,,,BMRB_ID,D2O,83887,C00402,C([C@H](C(=O)O)N)C(=O)O,
YES,69,D-Carnitine,bmse000074,,,BMRB_ID,D2O,288,C00487,C[N+](C)(C)CC(CC(=O)[O-])O,
YES,126,D-Cellobiose,bmse000138,,,BMRB_ID,D2O,10712,C00185,C([C@@H]1[C@H]([C@@H]([C@H]([C@@H](O1)O[C@@H]2[C@H](O[C@H]([C@@H]([C@H]2O)O)O)CO)O)O)O)O,
YES,189,D-Citrulline,bmse000209,,,BMRB_ID,D2O,833,,C(CC(C(=O)O)N)CNC(=O)N,
YES,284,d-desthiobiotin,bmse000314,,,BMRB_ID,D2O,445027,,C[C@H]1[C@H](NC(=O)N1)CCCCCC(=O)O,
YES,227,D-Fructose 1-phosphate,bmse000254,,,BMRB_ID,D2O,439394,C01094,C([C@@H]1[C@H]([C@@H](C(O1)(COP(=O)(O)O)O)O)O)O,
YES,247,"D-Fructose 2,6-bisphosphate",bmse000275,,,BMRB_ID,D2O,105021,C00665,C([C@@H]1[C@H]([C@@H]([C@](O1)(CO)OP(=O)(O)O)O)O)OP(=O)(O)O,
YES,9,"D-Fructose-1,6-bisphosphate",bmse000011,,,BMRB_ID,D2O,10267,C05378,C([C@@H]1[C@H]([C@@H]([C@](O1)(COP(=O)(O)O)O)O)O)OP(=O)(O)O,
YES,10,D-Fructose-6-phosphate,bmse000012,,,BMRB_ID,D2O,439160,C00085,C([C@@H]1[C@H]([C@@H](C(O1)(CO)O)O)O)OP(=O)(O)O,
YES,129,"D-Galactono-1,4-lactone",bmse000141,,,BMRB_ID,D2O,439994,C03383,C([C@H]([C@@H]1[C@@H]([C@H](C(=O)O1)O)O)O)O,
YES,194,D-Galacturonic acid,bmse000216,,,BMRB_ID,D2O,445929,C00333,[C@@H]1([C@H]([C@H](O[C@@H]([C@@H]1O)O)C(=O)O)O)O,
YES,205,"D-Glucono-1,5-lactone",bmse000230,,,BMRB_ID,D2O,7027,C00198,C([C@@H]1[C@H]([C@@H]([C@H](C(=O)O1)O)O)O)O,
YES,221,D-Glucosamine,bmse000247,,,BMRB_ID,D2O,439213,C00329,C([C@@H]1[C@H]([C@@H]([C@H]([C@@H](O1)O)N)O)O)O,
YES,171,D-Glucosamine 6-phosphate,bmse000189,,,BMRB_ID,D2O,439217,C00352,C([C@@H]1[C@H]([C@@H]([C@H]([C@H](O1)O)N)O)O)OP(=O)(O)O,
YES,400,D-Glucosaminic acid,bmse000440,,,BMRB_ID,D2O,73563,,C([C@H]([C@H]([C@@H]([C@H](C(=O)O)N)O)O)O)O,
YES,13,D-Glucose 6-phosphate,bmse000016,,,BMRB_ID,D2O,439427,C01172,C([C@@H]1[C@H]([C@@H]([C@H]([C@@H](O1)O)O)O)O)OP(=O)(O)O,
YES,128,D-Glucuronate,bmse000140,,,BMRB_ID,D2O,94715,C00191,[C@@H]1([C@@H]([C@H](OC([C@@H]1O)O)C(=O)O)O)O,
YES,270,D-Glyceraldehyde,bmse000298,,,BMRB_ID,D2O,79014,C00577,C([C@H](C=O)O)O,
YES,90,D-Mannitol,bmse000099,,,BMRB_ID,D2O,6251,C00392,C([C@H]([C@H]([C@@H]([C@@H](CO)O)O)O)O)O,
YES,410,D-Methionine,bmse000450,,,BMRB_ID,D2O,84815,C00855,CSCC[C@H](C(=O)O)N,
YES,16,D-Ornithine,bmse000019,,,BMRB_ID,D2O,71082,C00515,C(C[C@H](C(=O)O)N)CN,
YES,405,D-Panthenol,bmse000445,,,BMRB_ID,D2O,131204,C05944,CC(C)(CO)[C@H](C(=O)NCCCO)O,
YES,690,D-pinitol,bmse000740,,,BMRB_ID,D2O,439990,C06353,COC1[C@@H]([C@H](C([C@H]([C@@H]1O)O)O)O)O,
YES,17,D-Psicose,bmse000020,,,BMRB_ID,D2O,441036,C06468,C1[C@H]([C@H]([C@H](C(O1)(CO)O)O)O)O,
YES,184,D-Ribose 5-phosphate,bmse000204,,,BMRB_ID,D2O,439167,C00117,C([C@@H]1[C@H]([C@H](C(O1)O)O)O)OP(=O)(O)O,
YES,250,D-Ribulose 5-phosphate,bmse000278,,,BMRB_ID,D2O,77982,C00199,C([C@H]([C@H]([C@H](C=O)O)O)O)OP(=O)(O)O,
YES,213,D-Saccharate,bmse000239,,,BMRB_ID,D2O,33037,C00818,[C@H]([C@@H]([C@@H](C(=O)O)O)O)([C@H](C(=O)O)O)O,
YES,285,D-Salicin,bmse000315,,,BMRB_ID,D2O,439503,C01451,C1=CC=C(C(=C1)CO)O[C@H]2[C@@H]([C@H]([C@@H]([C@H](O2)CO)O)O)O,
YES,106,D-Sorbitol,bmse000115,,,BMRB_ID,D2O,5780,C00794,C([C@@H]([C@H]([C@@H]([C@@H](CO)O)O)O)O)O,
YES,759,D-Sphingosine,bmse000850,,,BMRB_ID,CDCl3,5280335,,CCCCCCCCCCCCC/C=C/[C@H]([C@H](CO)N)O,
YES,114,D-Trehalose,bmse000125,,,BMRB_ID,D2O,7427,C01083,C([C@@H]1[C@H]([C@@H]([C@H]([C@H](O1)O[C@@H]2[C@@H]([C@H]([C@@H]([C@H](O2)CO)O)O)O)O)O)O)O,
YES,150,D-Xylonate,bmse000166,,,BMRB_ID,D2O,5460056,C00502,C(C(C(C(C(=O)O)O)O)O)O,
YES,22,D-Xylulose,bmse000027,,,BMRB_ID,D2O,439204,C00310,C1[C@H]([C@@H](C(O1)(CO)O)O)O,
YES,201,"D,L-Glyceraldehyde",bmse000225,,,BMRB_ID,D2O,751,C02154,C(C(C=O)O)O,
YES,226,dADP,bmse000253,,,BMRB_ID,D2O,188966,C00206,C1[C@@H]([C@H](O[C@H]1N2C=NC3=C2N=CN=C3N)COP(=O)(O)OP(=O)(O)O)O,
YES,224,dAMP,bmse000250,,,BMRB_ID,D2O,12599,C00360,C1[C@@H]([C@H](O[C@H]1N2C=NC3=C2N=CN=C3N)COP(=O)(O)O)O,
YES,670,decamethonium,bmse000719,,,BMRB_ID,D2O,2968,C11733,C[N+](C)(C)CCCCCCCCCC[N+](C)(C)C,
YES,336,decanoic acid,bmse000370,,,BMRB_ID,CDCl3,2969,C01571,CCCCCCCCCC(=O)O,
YES,503,delta-tocopherol,bmse000547,,,BMRB_ID,CDCl3,92094,C14151,CC1=C2C(=CC(=C1)O)CC[C@@](O2)(C)CCC[C@H](C)CCC[C@H](C)CCCC(C)C,
YES,743,deoxycholic acid,bmse000833,,,BMRB_ID,methanol,222528,C04483,C[C@H](CCC(=O)O)[C@H]1CC[C@@H]2[C@@]1([C@H](C[C@H]3[C@H]2CC[C@H]4[C@@]3(CC[C@H](C4)O)C)O)C,
YES,504,dibenzofuran,bmse000548,,,BMRB_ID,CDCl3,568,C07729,C1=CC=C2C(=C1)C3=CC=CC=C3O2,
YES,337,diethanolamine,bmse000371,,,BMRB_ID,D2O,8113,C06772,C(CO)NCCO,
YES,136,Diethyl oxalacetate,bmse000148,,,BMRB_ID,D2O,66951,,CCOC(=O)CC(=O)C(=O)OCC,
YES,686,digoxigenin,bmse000735,,,BMRB_ID,methanol,15478,,C[C@]12CC[C@@H](C[C@H]1CC[C@@H]3[C@@H]2C[C@H]([C@]4([C@@]3(CC[C@@H]4C5=CC(=O)OC5)O)C)O)O,
YES,541,dihydro-sinapyl alcohol,bmse000586,,,BMRB_ID,DMSO,529893,,COC1=CC(=CC(=C1O)OC)CCCO,
YES,540,dihydroconiferyl alcohol,bmse000585,,,BMRB_ID,DMSO,16822,C10448,COC1=C(C=CC(=C1)CCCO)O,
YES,375,Dihydrocoumarin,bmse000412,,,BMRB_ID,D2O,660,C02274,C1CC(=O)OC2=CC=CC=C21,
YES,386,Dihydrouracil,bmse000425,,,BMRB_ID,D2O,649,C03919,C1CNC(=O)NC1=O,
YES,132,Dihydroxyacetone,bmse000144,,,BMRB_ID,D2O,670,C00184,C(C(=O)CO)O,
YES,671,dioctyl sulfosuccinate,bmse000720,,,BMRB_ID,acetone,11339,C07874,CCCCC(CC)COC(=O)CC(C(=O)OCC(CC)CCCC)S(=O)(=O)O,
YES,672,diphenylacetic acid,bmse000721,,,BMRB_ID,CDCl3,8333,,C1=CC=C(C=C1)C(C2=CC=CC=C2)C(=O)O,
YES,389,DL-2-Aminoadipic acid,bmse000429,,,BMRB_ID,D2O,469,,C(CC(C(=O)O)N)CC(=O)O,
YES,354,DL-2-Aminobutyric acid,bmse000390,,,BMRB_ID,D2O,6657,,CCC(C(=O)O)N,
YES,737,DL-2-Aminocaprylic acid,bmse000827,,,BMRB_ID,D2O,69522,,CCCCCCC(C(=O)O)N,
YES,738,DL-3-Aminoisobutyric acid,bmse000828,,,BMRB_ID,D2O,64956,C05145,CC(CN)C(=O)O,
YES,636,"DL-3,4-dihydroxymandelic acid",bmse000684,,,BMRB_ID,CDCl3,85782,C07470,C1=CC(=C(C=C1C(C(=O)O)O)O)O,
YES,174,DL-alpha-Glycerol phosphate,bmse000193,,,BMRB_ID,D2O,439162,C00093,C(C(COP(=O)(O)O)O)O,
YES,364,"DL-alpha,epsilon-Diaminopimelic acid",bmse000401,,,BMRB_ID,D2O,865,,C(CC(C(=O)O)N)CC(C(=O)O)N,
YES,425,DL-beta-leucine,bmse000466,,,BMRB_ID,D2O,193411,,CC(C)C(CC(=O)O)N,
YES,390,DL-homocysteine,bmse000430,,,BMRB_ID,D2O,778,C05330,C(CS)C(C(=O)O)N,
YES,372,dl-Indole-3-lactic acid,bmse000409,,,BMRB_ID,D2O,92904,C02043,C1=CC=C2C(=C1)C(=CN2)CC(C(=O)O)O,
YES,360,DL-Methionine sulfoxide,bmse000397,,,BMRB_ID,D2O,847,,CS(=O)CCC(C(=O)O)N,
YES,211,DL-Pipecolic acid,bmse000237,,,BMRB_ID,D2O,439227,C00408,C1CCN[C@@H](C1)C(=O)O,
YES,198,DL-Serine,bmse000222,,,BMRB_ID,D2O,617,C00716,C(C(C(=O)O)N)O,
YES,321,DL-threo-beta-Methylaspartate,bmse000352,,,BMRB_ID,D2O,852,,CC(C(C(=O)O)N)C(=O)O,
YES,465,Dodecanoic acid,bmse000509,,,BMRB_ID,CDCl3,3893,C02679,CCCCCCCCCCCC(=O)O,
YES,791,Dopamine,bmse000909,,,BMRB_ID,DMSO,681,C03758,C1=CC(=C(C=C1CCN)O)O,
YES,268,dTMP,bmse000296,,,BMRB_ID,D2O,9700,C00364,C1[C@@H]([C@H](O[C@H]1N2C=NC3=C2N=CN=C3N)COP(=O)(O)O)O,
YES,862,EGTA,bmse001011,,,BMRB_ID,D2O,6207,,C(COCCOCCN(CC(=O)O)CC(=O)O)N(CC(=O)O)CC(=O)O,
YES,595,elaidic acid,bmse000643,,,BMRB_ID,methanol,637517,C01712,CCCCCCCC/C=C/CCCCCCCC(=O)O,
YES,673,epichlorohydrin,bmse000722,,,BMRB_ID,benzene,7835,C14449,C1C(O1)CCl,
YES,286,Epinephrine,bmse000316,,,BMRB_ID,D2O,5816,,CNC[C@@H](C1=CC(=C(C=C1)O)O)O,
YES,338,epsilon-caprolactam,bmse000372,,,BMRB_ID,D2O,7768,C06593,C1CCC(=O)NCC1,
YES,450,Epsilon-caprolactone,bmse000493,,,BMRB_ID,CDCl3,10401,C01880,C1CCC(=O)OCC1,
YES,466,ergocalciferol,bmse000510,,,BMRB_ID,CDCl3,5280793,,CC(C)[C@@H](C)\C=C\[C@@H](C)[C@H]1CC[C@@H]\2[C@@]1(CCC/C2=C\C=C/3\C[C@H](CCC3=C)O)C,
YES,451,Ergosterol,bmse000494,,,BMRB_ID,CDCl3,444679,C01694,CC(C)[C@@H](C)\C=C\[C@@H](C)[C@H]1CC[C@@H]2[C@@]1(CC[C@H]3C2=CC=C4[C@@]3(CC[C@@H](C4)O)C)C,
YES,616,erythromycin,bmse000664,,,BMRB_ID,acetone,16212992,,CC[C@@H]1[C@@](C([C@H](C(=O)[C@@H](C[C@@](C(C(C([C@H](C(=O)O1)C)O[C@H]2C[C@@]([C@H]([C@@H](O2)C)O)(C)OC)C)OC3[C@@H]([C@H](C[C@H](O3)C)N(C)C)O)(C)O)C)C)O)(C)O,
YES,857,Esculetin,bmse000986,,,BMRB_ID,DMSO,5281416,C09263,C1=CC(=O)OC2=CC(=C(C=C21)O)O,
YES,505,estrone,bmse000549,,,BMRB_ID,CDCl3,5870,,C[C@]12CC[C@H]3[C@H]([C@@H]1CCC2=O)CCC4=C3C=CC(=C4)O,
YES,123,Ethacrynic acid,bmse000134,,,BMRB_ID,D2O,3278,C06983,CCC(=C)C(=O)C1=C(C(=C(C=C1)OCC(=O)O)Cl)Cl,
YES,363,Ethanesulfonic acid,bmse000400,,,BMRB_ID,D2O,16211027,,CCS(=O)(=O)[O-],
YES,269,Ethanol,bmse000297,,,BMRB_ID,D2O,702,C00469,CCO,
YES,248,Ethanolamine,bmse000276,,,BMRB_ID,D2O,700,C00189,C(CO)N,
YES,815,Ethyl acetoacetate,bmse000944,,,BMRB_ID,CDCl3,8868,C03500,CCOC(=O)CC(=O)C,
YES,506,ethyl heptanoate,bmse000550,,,BMRB_ID,CDCl3,7797,,CCCCCCC(=O)OCC,
YES,534,ethylmalonic acid,bmse000578,,,BMRB_ID,D2O,11756,,CCC(C(=O)O)C(=O)O,
YES,479,eucalyptol,bmse000523,,,BMRB_ID,CDCl3,2758,,CC1(C2CCC(O1)(CC2)C)C,
YES,202,FAD,bmse000226,,,BMRB_ID,D2O,8964,C00016,CC1=CC2=C(C=C1C)N(C3=NC(=O)NC(=O)C3=N2)C[C@H]([C@H]([C@H](COP(=O)(O)OP(=O)(O)OC[C@@H]4[C@H]([C@H]([C@@H](O4)N5C=NC6=C5N=CN=C6N)O)O)O)O)O,
YES,452,Fenchol,bmse000495,,,BMRB_ID,CDCl3,6997371,,CC1([C@H]2CC[C@](C2)([C@H]1O)C)C,
YES,418,Ferulic acid,bmse000459,,,BMRB_ID,D2O,445858,C01494,COC1=C(C=CC(=C1)\C=C\C(=O)O)O,
YES,816,Flavone,bmse000945,,,BMRB_ID,CDCl3,10680,C10043,C1=CC=C(C=C1)C2=CC(=O)C3=CC=CC=C3O2,
YES,858,Fludrocortisone,bmse000987,,,BMRB_ID,DMSO,31378,C07004,C[C@]12CCC(=O)C=C1CC[C@@H]3[C@@]2([C@H](C[C@]4([C@H]3CC[C@@]4(C(=O)CO)O)C)O)F,
YES,480,fluorene,bmse000524,,,BMRB_ID,CDCl3,6853,C07715,C1C2=CC=CC=C2C3=CC=CC=C31,
YES,230,FMN,bmse000257,,,BMRB_ID,D2O,8965,C00061,CC1=CC2=C(C=C1C)N(C3=NC(=O)NC(=O)C3=N2)C[C@H]([C@H]([C@H](COP(=O)(O)O)O)O)O,
YES,271,Folate,bmse000299,,,BMRB_ID,D2O,6037,C00504,C1=CC(=CC=C1C(=O)N[C@@H](CCC(=O)O)C(=O)O)NCC2=CN=C3C(=N2)C(=O)N=C(N3)N,
YES,229,Formaldehyde,bmse000256,,,BMRB_ID,D2O,712,C00067,C=O,
YES,240,Formamide,bmse000267,,,BMRB_ID,D2O,713,C00488,C(=O)N,
YES,183,Formate,bmse000203,,,BMRB_ID,D2O,284,C00058,C(=O)O,
YES,76,Fumaric acid,bmse000083,,,BMRB_ID,D2O,5460307,C00122,C(=C\C(=O)O)/C(=O)O,
YES,353,Gallic acid,bmse000389,,,BMRB_ID,D2O,370,C01424,C1=C(C=C(C(=C1O)O)O)C(=O)O,
YES,310,gamma-Aminobutyric acid,bmse000340,,,BMRB_ID,D2O,119,,C(CC(=O)O)CN,
YES,724,gamma-terpinene,bmse000778,,,BMRB_ID,CDCl3,7461,C09900,CC1=CCC(=CC1)C(C)C,
YES,242,GDP,bmse000270,,,BMRB_ID,D2O,8977,C00035,C1=NC2=C(N1[C@H]3[C@@H]([C@@H]([C@H](O3)COP(=O)(O)OP(=O)(O)O)O)O)NC(=NC2=O)N,
YES,833,Gentisaldehyde,bmse000962,,,BMRB_ID,CD3OD,70949,C05585,C1=CC(=C(C=C1O)C=O)O,
YES,287,Gibberellic acid,bmse000317,,,BMRB_ID,D2O,6466,,C[C@@]12[C@H](C=C[C@@]3([C@@H]1[C@@H]([C@]45[C@H]3CC[C@](C4)(C(=C)C5)O)C(=O)O)OC2=O)O,
YES,77,Gluconic acid,bmse000084,,,BMRB_ID,D2O,10690,C00257,C([C@H]([C@H]([C@@H]([C@H](C(=O)O)O)O)O)O)O,
YES,395,Glutaconic acid,bmse000435,,,BMRB_ID,D2O,5280498,C02214,C(\C=C\C(=O)O)C(=O)O,
YES,369,Glutaric acid,bmse000406,,,BMRB_ID,D2O,743,C00489,C(CC(=O)O)CC(=O)O,
YES,543,gly-pro,bmse000588,,,BMRB_ID,D2O,79101,,C1CC(N(C1)C(=O)CN)C(=O)O,
YES,167,Glycerol,bmse000184,,,BMRB_ID,D2O,753,C00116,C(C(CO)O)O,
YES,522,glyceryl tridecanoate,bmse000566,,,BMRB_ID,CDCl3,69310,,CCCCCCCCCC(=O)OCC(COC(=O)CCCCCCCCC)OC(=O)CCCCCCCCC,
YES,80,Glycine,bmse000089,,,BMRB_ID,D2O,750,C00037,C(C(=O)O)N,
YES,603,glycocholic acid,bmse000651,,,BMRB_ID,D2O,10140,,C[C@H](CCC(=O)NCC(=O)O)[C@H]1CC[C@@H]2[C@@]1([C@H](C[C@H]3[C@H]2[C@@H](C[C@H]4[C@@]3(CC[C@H](C4)O)C)O)O)C,
YES,596,glycodesoxycholic acid,bmse000644,,,BMRB_ID,methanol,,,C[C@H](CCC(=O)NCC(=O)O)[C@H]1CC[C@@H]2[C@@]1([C@H](C[C@H]3[C@H]2CC[C@H]4[C@@]3(CC[C@H](C4)O)C)O)C,
YES,207,Glycogen,bmse000232,,,BMRB_ID,D2O,439177,C00182,C([C@@H]1[C@H]([C@@H]([C@H]([C@H](O1)OC[C@@H]2[C@H]([C@@H]([C@H]([C@H](O2)O[C@@H]3[C@H](O[C@@H]([C@@H]([C@H]3O)O)O)CO)O)O)O[C@@H]4[C@@H]([C@H]([C@@H]([C@H](O4)CO)O)O)O)O)O)O)O,
YES,231,Glycolaldehyde,bmse000258,,,BMRB_ID,D2O,756,C00266,C(C=O)O,
YES,219,Glycolate,bmse000245,,,BMRB_ID,D2O,757,C00160,C(C(=O)O)O,
YES,430,Glyoxylic acid,bmse000471,,,BMRB_ID,D2O,760,C00048,C(=O)C(=O)O,
YES,396,Guaiacol,bmse000436,,,BMRB_ID,D2O,460,,COC1=CC=CC=C1O,
YES,349,Guanidineacetic acid,bmse000384,,,BMRB_ID,D2O,763,C00581,C(C(=O)O)N=C(N)N,
YES,81,Guanine,bmse000090,,,BMRB_ID,D2O,764,C00242,C1=NC2=C(N1)C(=O)N=C(N2)N,
YES,82,Guanosine,bmse000091,,,BMRB_ID,D2O,6802,C00387,C1=NC2=C(N1[C@H]3[C@@H]([C@@H]([C@H](O3)CO)O)O)NC(=NC2=O)N,
YES,859,Harmalol,bmse000988,,,BMRB_ID,DMSO,5353656,C06537,CC1=C2C(=C3C=CC(=O)C=C3N2)CCN1,
YES,182,HEPES,bmse000202,,,BMRB_ID,D2O,23830,,C1CN(CC[NH+]1CCO)CCS(=O)(=O)[O-],
YES,320,Hexanoic acid,bmse000351,,,BMRB_ID,D2O,8892,C01585,CCCCCC(=O)O,
YES,371,Hippuric acid,bmse000408,,,BMRB_ID,D2O,464,C01586,C1=CC=C(C=C1)C(=O)NCC(=O)O,
YES,694,Histamine,bmse000744,,,BMRB_ID,D2O,774,C00388,C1=C(NC=N1)CCN,
YES,695,Homoarginine,bmse000745,,,BMRB_ID,D2O,9085,C01924,C(CCN=C(N)N)C[C@@H](C(=O)O)N,
YES,180,Homogentisic acid,bmse000200,,,BMRB_ID,D2O,780,C00544,C1=CC(=C(C=C1O)CC(=O)O)O,
YES,121,Homovanillic acid,bmse000132,,,BMRB_ID,D2O,1738,C05582,COC1=C(C=CC(=C1)CC(=O)O)O,
YES,634,homoveratric acid,bmse000682,,,BMRB_ID,ethanol,7139,,COC1=C(C=C(C=C1)CC(=O)O)OC,
YES,627,hydrocinnamic acid,bmse000675,,,BMRB_ID,benzene,107,C05629,C1=CC=C(C=C1)CCC(=O)O,
YES,265,Hydroquinone,bmse000293,,,BMRB_ID,D2O,785,C00530,C1=CC(=CC=C1O)O,
YES,654,hyodeoxycholic acid,bmse000702,,,BMRB_ID,ethanol,16219478,,CC(CCC(=O)O)C1CCC2C1(CCC3C2CC(C4[C@@]3(CCC(C4)O)C)O)C,
YES,412,Hypotaurine,bmse000452,,,BMRB_ID,D2O,107812,C00519,C(CS(=O)O)N,
YES,85,Hypoxanthine,bmse000094,,,BMRB_ID,D2O,790,C00262,C1=NC2=C(N1)C(=O)N=CN2,
YES,86,i-Erythritol,bmse000095,,,BMRB_ID,D2O,8998,C00503,C(C(C(CO)O)O)O,
YES,87,Imidazole,bmse000096,,,BMRB_ID,D2O,795,C01589,C1=CN=CN1,
YES,453,Indanone,bmse000496,,,BMRB_ID,CDCl3,6735,C01504,C1CC(=O)C2=CC=CC=C21,
YES,88,Indole,bmse000097,,,BMRB_ID,CDCl3,798,C00463,C1=CC=C2C(=C1)C=CN2,
YES,648,indole-3-acetamide,bmse000696,,,BMRB_ID,ethanol,397,,C1=CC=C2C(=C1)C(=CN2)CC(=O)N,
YES,161,Indole-3-acetic acid,bmse000177,,,BMRB_ID,D2O,802,C00954,C1=CC=C2C(=C1)C(=CN2)CC(=O)O,
YES,597,indole-3-carboxaldehyde,bmse000645,,,BMRB_ID,DMSO,10256,C08493,C1=CC=C2C(=C1)C(=CN2)C=O,
YES,598,indole-3-pyruvic acid,bmse000646,,,BMRB_ID,methanol,803,C00331,C1=CC=C2C(=C1)C(=CN2)CC(=O)C(=O)O,
YES,89,Inosine,bmse000098,,,BMRB_ID,D2O,6021,C00294,C1=NC(=O)C2=C(N1)N(C=N2)[C@H]3[C@@H]([C@@H]([C@H](O3)CO)O)O,
YES,159,Inosine 5'-monophosphate,bmse000175,,,BMRB_ID,D2O,8582,C00130,C1=NC(=O)C2=C(N1)N(C=N2)[C@H]3[C@@H]([C@@H]([C@H](O3)COP(=O)(O)O)O)O,
YES,739,IPTG,bmse000829,,,BMRB_ID,D2O,16217509,,CC(C)S[C@H]1C([C@@H]([C@H](C(O1)CO)O)O)O,
YES,216,Isethionic acid,bmse000242,,,BMRB_ID,D2O,7866,C05123,C(CS(=O)(=O)O)O,
YES,399,Isobutyric acid,bmse000439,,,BMRB_ID,D2O,6590,C02632,CC(C)C(=O)O,
YES,122,Isonicotinic acid,bmse000133,,,BMRB_ID,D2O,5922,C07446,C1=CN=CC=C1C(=O)O,
YES,753,Isoprene,bmse000844,,,BMRB_ID,methanol,6557,C16521,CC(=C)C=C,
YES,339,isovaleric-acid,bmse000373,,,BMRB_ID,D2O,10430,,CC(C)CC(=O)O,
YES,125,Itaconic acid,bmse000137,,,BMRB_ID,D2O,811,C00490,C=C(CC(=O)O)C(=O)O,
YES,228,ITP,bmse000255,,,BMRB_ID,D2O,8583,C00081,C1=NC(=O)C2=C(N1)N(C=N2)[C@H]3[C@@H]([C@@H]([C@H](O3)COP(=O)(O)OP(=O)(O)OP(=O)(O)O)O)O,
YES,481,jasmonic acid,bmse000525,,,BMRB_ID,CDCl3,5281166,C08491,CC\C=C/C[C@@H]1[C@H](CCC1=O)CC(=O)O,
YES,181,Kanamycin,bmse000201,,,BMRB_ID,D2O,439581,C01822,C1[C@H]([C@@H]([C@H]([C@@H]([C@H]1N)O[C@@H]2[C@@H]([C@H]([C@@H]([C@H](O2)CN)O)O)O)O)O[C@H]3[C@H]([C@@H]([C@H]([C@@H](O3)CO)O)N)O)N,
YES,700,khellin,bmse000751,,,BMRB_ID,CDCl3,3828,C09010,CC1=CC(=O)C2=C(C3=C(C(=C2O1)OC)OC=C3)OC,
YES,373,Kynurenic acid,bmse000410,,,BMRB_ID,D2O,3845,C01717,C1=CC=C2C(=C1)C(=O)C=C(N2)C(=O)O,
YES,63,L-(-) Arabitol,bmse000068,,,BMRB_ID,D2O,439255,C00532,C([C@@H](C([C@H](CO)O)O)O)O,
YES,31,L-(-)-Fucose,bmse000036,,,BMRB_ID,D2O,17106,C01019,C[C@H]1[C@H]([C@H]([C@@H](C(O1)O)O)O)O,
YES,111,L-(-)-Threitol,bmse000121,,,BMRB_ID,D2O,8998,,C(C(C(CO)O)O)O,
YES,188,L-(+) Lactic acid,bmse000208,,,BMRB_ID,D2O,107689,C00186,C[C@@H](C(=O)O)O,
YES,193,L-(+)-Arabinose,bmse000213,,,BMRB_ID,D2O,439764,C02604,C1[C@@H]([C@@H]([C@H]([C@H](O1)O)O)O)O,
YES,584,L-4-hydroxyphenylglycine,bmse000629,,,BMRB_ID,D2O,36143,,C1=CC(=CC=C1[C@@H](C(=O)O)N)O,
YES,23,L-Alanine,bmse000028,,,BMRB_ID,D2O,5950,C00041,C[C@@H](C(=O)O)N,
YES,867,L-alpha-Lysophosphatidylcholine,bmse001026,,,BMRB_ID,CD3OD,24798682,,C[N+](C)(C)CCOP(=O)(O)OC[C@@H](CO)OC=O,
YES,869,L-alpha-Phosphatidyl-DL-glycerol,bmse001028,,,BMRB_ID,CDCl3,,,[P](O)(OCC(COC(CCCCCCCCC=CCC=CCCCCC)=O)OC(CCCCCCCCCCCCCCCC)=O)(OCC(OC(CCCCCCCC=CCC=CCCCCCC)=O)COC(CCCCCCCCCCCCCCCC)=O)=O,
YES,868,L-alpha-Phosphatidylcholine,bmse001027,,,BMRB_ID,CDCl3,16213884,,CCCCCCCCCCCCCCCC(=O)OC[C@H](COP(=O)([O-])OCC[N+](C)(C)C)OC(=O)CCCCCCC/C=C/C/C=C/CCCCC,
YES,722,L-Anserine,bmse000776,,,BMRB_ID,D2O,11444,,CN1C=NC=C1CC(C(=O)O)NC(=O)CCN,
YES,24,L-Arginine,bmse000029,,,BMRB_ID,D2O,6322,C00062,C(C[C@@H](C(=O)O)N)CN=C(N)N,
YES,175,L-Arginine L-Glutamate,bmse000194,,,BMRB_ID,D2O,20317,,C(CC(C(=O)O)N)CN=C(N)N.C(CC(=O)O)C(C(=O)O)N,
YES,165,L-Ascorbate,bmse000182,,,BMRB_ID,D2O,5785,C00072,C([C@@H]([C@@H]1C(=O)C(=C(O1)O)O)O)O,
YES,25,L-Asparagine,bmse000030,,,BMRB_ID,D2O,6267,C00152,C([C@@H](C(=O)O)N)C(=O)N,
YES,26,L-Aspartic acid,bmse000031,,,BMRB_ID,D2O,5960,C00049,C([C@@H](C(=O)O)N)C(=O)O,
YES,68,L-Canavanine,bmse000073,,,BMRB_ID,D2O,439202,C00308,C(CON=C(N)N)[C@@H](C(=O)O)N,
YES,220,L-Carnosine,bmse000246,,,BMRB_ID,D2O,439224,C00386,C1=C(NC=N1)CC(C(=O)O)NC(=O)CCN,
YES,27,L-Citrulline,bmse000032,,,BMRB_ID,D2O,9750,C00327,C(C[C@@H](C(=O)O)N)CNC(=O)N,
YES,28,L-Cystathionine,bmse000033,,,BMRB_ID,D2O,439698,C02291,C(CSC[C@H](C(=O)O)N)[C@@H](C(=O)O)N,
YES,345,L-Cysteic acid,bmse000380,,,BMRB_ID,D2O,72886,C00506,C([C@@H](C(=O)O)N)S(=O)(=O)O,
YES,29,L-Cysteine,bmse000034,,,BMRB_ID,D2O,5862,C00097,C([C@@H](C(=O)O)N)S,
YES,658,L-cysteinesulfinic acid,bmse000706,,,BMRB_ID,D2O,1549098,C00606,C([C@@H](C(=O)O)N)S(=O)O,
YES,30,L-Cystine,bmse000035,,,BMRB_ID,D2O,67678,C00491,C([C@@H](C(=O)O)N)SSC[C@@H](C(=O)O)N,
YES,312,L-Dihydroorotic acid,bmse000342,,,BMRB_ID,D2O,439216,C00337,C1[C@H](NC(=O)NC1=O)C(=O)O,
YES,32,L-Glutamic acid,bmse000037,,,BMRB_ID,D2O,33032,C00302,C(CC(=O)O)C(C(=O)O)N,
YES,33,L-Glutamine,bmse000038,,,BMRB_ID,D2O,5961,C00303,C(CC(=O)N)[C@@H](C(=O)O)N,
YES,168,L-Glutathione reduced,bmse000185,,,BMRB_ID,D2O,124886,C00051,C(CC(=O)NC(CS)C(=O)NCC(=O)O)C(C(=O)O)N,
YES,209,L-Gulonolactone,bmse000235,,,BMRB_ID,D2O,439373,C01040,C([C@@H]([C@@H]1[C@@H]([C@@H](C(=O)O1)O)O)O)O,
YES,34,L-Histidine,bmse000039,,,BMRB_ID,D2O,6274,C00135,C1=C(NC=N1)C[C@@H](C(=O)O)N,
YES,408,L-Histidinol,bmse000448,,,BMRB_ID,D2O,165271,C00860,C1=C(NC=N1)C[C@@H](CO)N,
YES,402,L-homocitrulline,bmse000442,,,BMRB_ID,D2O,65072,C02427,C(CCNC(=O)N)C[C@@H](C(=O)O)N,
YES,35,L-Homoserine,bmse000040,,,BMRB_ID,D2O,12647,C00263,C(CO)[C@@H](C(=O)O)N,
YES,36,L-Isoleucine,bmse000041,,,BMRB_ID,D2O,6306,C00407,CC[C@H](C)[C@@H](C(=O)O)N,
YES,156,L-Kynurenine,bmse000172,,,BMRB_ID,D2O,161166,C00328,C1=CC=C(C(=C1)C(=O)C[C@@H](C(=O)O)N)N,
YES,37,L-Leucine,bmse000042,,,BMRB_ID,D2O,6106,C00123,CC(C)C[C@@H](C(=O)O)N,
YES,38,L-Lysine,bmse000043,,,BMRB_ID,D2O,5962,C00047,C(CCN)C[C@@H](C(=O)O)N,
YES,212,L-Malic acid,bmse000238,,,BMRB_ID,D2O,222656,C00149,C([C@@H](C(=O)O)O)C(=O)O,
YES,340,L-menthone,bmse000375,,,BMRB_ID,CDCl3,26447,C00843,C[C@@H]1CC[C@H](C(=O)C1)C(C)C,
YES,39,L-Methionine,bmse000044,,,BMRB_ID,D2O,6137,C00073,CSCC[C@@H](C(=O)O)N,
YES,140,L-Methionine methylsulfonium iodide,bmse000153,,,BMRB_ID,D2O,200814,,C[S+](C)CCC(C(=O)O)N.[I-],
YES,374,L-Norleucine,bmse000411,,,BMRB_ID,D2O,21236,C01933,CCCC[C@@H](C(=O)O)N,
YES,148,L-Ornithine,bmse000162,,,BMRB_ID,D2O,6262,C00077,C(C[C@@H](C(=O)O)N)CN,
YES,40,L-Phenylalanine,bmse000045,,,BMRB_ID,D2O,6140,C00079,C1=CC=C(C=C1)C[C@@H](C(=O)O)N,
YES,42,L-Proline,bmse000047,,,BMRB_ID,D2O,145742,C00148,C1C[C@@H](NC1)C(=O)O,
YES,43,L-Serine,bmse000048,,,BMRB_ID,D2O,5951,C00065,C([C@@H](C(=O)O)N)O,
YES,151,L-Tartaric acid,bmse000167,,,BMRB_ID,D2O,875,C00898,C(C(C(=O)O)O)(C(=O)O)O,
YES,44,L-Threonine,bmse000049,,,BMRB_ID,D2O,6288,C00188,C[C@H]([C@@H](C(=O)O)N)O,
YES,794,L-Thyroxine,bmse000923,,,BMRB_ID,DMSO,5819,,C1=C(C=C(C(=C1I)OC2=CC(=C(C(=C2)I)O)I)I)C[C@@H](C(=O)O)N,
YES,45,L-Tryptophan,bmse000050,,,BMRB_ID,D2O,6305,C00078,C1=CC=C2C(=C1)C(=CN2)C[C@@H](C(=O)O)N,
YES,46,L-Tyrosine,bmse000051,,,BMRB_ID,D2O,6057,C00082,C1=CC(=CC=C1C[C@@H](C(=O)O)N)O,
YES,47,L-Valine,bmse000052,,,BMRB_ID,D2O,6287,C00183,CC(C)[C@@H](C(=O)O)N,
YES,191,L(-)-Carnitine,bmse000211,,,BMRB_ID,D2O,10917,C13951,C[N+](C)(C)C[C@@H](CC(=O)[O-])O,
YES,154,"L(-)-Glutathione, oxidized",bmse000170,,,BMRB_ID,D2O,65359,C00127,C(CC(=O)N[C@@H](CSSC[C@@H](C(=O)NCC(=O)O)NC(=O)CC[C@@H](C(=O)O)N)C(=O)NCC(=O)O)[C@@H](C(=O)O)N,
YES,153,L(+)-Selenomethionine,bmse000169,,,BMRB_ID,D2O,105024,,C[Se]CC[C@@H](C(=O)O)N,
YES,60,Lactose,bmse000065,,,BMRB_ID,D2O,84571,C00243,C([C@@H]1[C@@H]([C@@H]([C@H]([C@@H](O1)O[C@@H]2[C@H](O[C@@H]([C@@H]([C@H]2O)O)O)CO)O)O)O)O,
YES,604,lactulose,bmse000652,,,BMRB_ID,D2O,16217605,,C([C@@H]1[C@@H]([C@@H]([C@H]([C@@H](O1)O[C@@H]2[C@H](O[C@]([C@H]2O)(CO)O)CO)O)O)O)O,
YES,860,lapachol,bmse000989,,,BMRB_ID,DMSO,3884,C10366,CC(=CCC1=C(C2=CC=CC=C2C(=O)C1=O)O)C,
YES,454,Linoleic Acid,bmse000497,,,BMRB_ID,CDCl3,5280450,C01595,CCCCC\C=C/C\C=C/CCCCCCCC(=O)O,
YES,638,lithocholic acid,bmse000686,,,BMRB_ID,ethanol,9903,C03990,C[C@H](CCC(=O)O)[C@H]1CC[C@@H]2[C@@]1(CC[C@H]3[C@H]2CC[C@H]4[C@@]3(CC[C@H](C4)O)C)C,
YES,319,m-Cresol,bmse000350,,,BMRB_ID,D2O,342,C01467,CC1=CC(=CC=C1)O,
YES,508,m-tolualdehyde,bmse000552,,,BMRB_ID,CDCl3,12105,,CC1=CC=CC(=C1)C=O,
YES,509,m-toluic acid,bmse000553,,,BMRB_ID,CDCl3,7418,C07211,CC1=CC=CC(=C1)C(=O)O,
YES,510,m-xylene,bmse000554,,,BMRB_ID,CDCl3,7929,C07208,CC1=CC(=CC=C1)C,
YES,419,Maleamic acid,bmse000460,,,BMRB_ID,D2O,5280451,C01596,C(=C/C(=O)O)/C(=O)N,
YES,192,Maleic Acid,bmse000212,,,BMRB_ID,D2O,444266,C01384,C(=C\C(=O)O)\C(=O)O,
YES,41,Malic acid,bmse000046,,,BMRB_ID,D2O,92824,C00711,C(C(C(=O)O)O)C(=O)O,
YES,208,Melibiose,bmse000233,,,BMRB_ID,D2O,11458,C05402,C([C@@H]1[C@@H]([C@@H]([C@H]([C@H](O1)OC[C@@H]2[C@H]([C@@H]([C@H]([C@@H](O2)O)O)O)O)O)O)O)O,
YES,729,MES,bmse000787,,,BMRB_ID,D2O,78165,,C1COCCN1CCS(=O)(=O)O,
YES,696,Mesaconic acid,bmse000746,,,BMRB_ID,D2O,638129,C01732,C/C(=C\C(=O)O)/C(=O)O,
YES,91,meso-Erythritol,bmse000100,,,BMRB_ID,D2O,8998,C00503,C(C(C(CO)O)O)O,
YES,599,metaldehyde,bmse000647,,,BMRB_ID,CDCl3,177,C00084,CC=O,
YES,266,Methanol,bmse000294,,,BMRB_ID,D2O,887,C00132,CO,
YES,223,Methyl 4-aminobutyrate,bmse000249,,,BMRB_ID,D2O,18614,,COC(=O)CCCN,
YES,560,methyl 4-coumarate,bmse000605,,,BMRB_ID,DMSO,92203,,COC(=O)C=CC1=CC=C(C=C1)O,
YES,564,methyl ferulate,bmse000609,,,BMRB_ID,DMSO,5357283,,COC1=C(C=CC(=C1)/C=C/C(=O)OC)O,
YES,507,methyl jasmonate,bmse000551,,,BMRB_ID,CDCl3,62388,,CCC=CCC1C(CCC1=O)CC(=O)OC,
YES,177,Methyl N-acetyl-alpha-D-glucosaminide,bmse000196,,,BMRB_ID,D2O,96523,,CC(=O)N[C@@H]1[C@H]([C@@H]([C@H](O[C@@H]1OC)CO)O)O,
YES,544,methyl sinapate,bmse000589,,,BMRB_ID,DMSO,5321318,,COC1=CC(=CC(=C1O)OC)/C=C/C(=O)OC,
YES,361,Methylmalonic acid,bmse000398,,,BMRB_ID,D2O,487,C02170,CC(C(=O)O)C(=O)O,
YES,725,Metoclopramide,bmse000779,,,BMRB_ID,methanol,4168,,CCN(CC)CCNC(=O)C1=CC(=C(C=C1OC)N)Cl,
YES,795,Miconazole,bmse000924,,,BMRB_ID,DMSO,4189,C00937,C1=CC(=C(C=C1Cl)Cl)COC(CN2C=CN=C2)C3=C(C=C(C=C3)Cl)Cl,
YES,535,monoethyl malonate,bmse000579,,,BMRB_ID,D2O,70615,,CCOC(=O)CC(=O)O,
YES,730,MOPS ,bmse000788,,,BMRB_ID,D2O,70807,,C1COCCN1CCCS(=O)(=O)O,
YES,93,muco-Inositol,bmse000102,,,BMRB_ID,D2O,892,C06152,C1(C(C(C(C(C1O)O)O)O)O)O,
YES,94,myo-Inositol,bmse000103,,,BMRB_ID,D2O,892,C00137,C1(C(C(C(C(C1O)O)O)O)O)O,
YES,687,myristic acid,bmse000737,,,BMRB_ID,CDCl3,11005,C06424,CCCCCCCCCCCCCC(=O)O,
YES,511,myrtenol,bmse000555,,,BMRB_ID,CDCl3,10582,C11938,CC1(C2CC=C(C1C2)CO)C,
YES,134,N-(2-Acetamido)iminodiacetic acid,bmse000146,,,BMRB_ID,D2O,117765,,C(C(=O)N)N(CC(=O)O)CC(=O)O,
YES,674,N-(2-furoyl)glycine methyl ester,bmse000723,,,BMRB_ID,D2O,518748,,COC(=O)CNC(=O)C1=CC=CO1,
YES,747,N-(3-Indolylacetyl)-DL-aspartic acid,bmse000838,,,BMRB_ID,DMSO,4656408,,C1=CC=C2C(=C1)C(=CN2)CC(=O)NC(CC(=O)O)C(=O)O,
YES,639,N-(3-indolylacetyl)-L-alanine,bmse000687,,,BMRB_ID,ethanol,644225,,C[C@@H](C(=O)O)NC(=O)CC1=CNC2=CC=CC=C21,
YES,206,N-Acetyl-D-glucosamine,bmse000231,,,BMRB_ID,D2O,24139,C00140,CC(=O)N[C@@H]1[C@H]([C@@H]([C@H](O[C@H]1O)CO)O)O,
YES,149,N-Acetyl-D-glucosamine 1-phosphate,bmse000163,,,BMRB_ID,D2O,440272,C04256,CC(=O)N[C@@H]1[C@H]([C@@H]([C@H](O[C@@H]1OP(=O)(O)O)CO)O)O,
YES,185,N-Acetyl-D-glucosamine 6-phosphate,bmse000205,,,BMRB_ID,D2O,898,,CC(=O)NC1C(C(C(OC1O)COP(=O)(O)O)O)O,
YES,51,N-Acetyl-D-mannosamine,bmse000056,,,BMRB_ID,D2O,439281,C00645,CC(=O)N[C@H]1[C@H]([C@@H]([C@H](OC1O)CO)O)O,
YES,437,N-acetyl-D-Phenyl alanine,bmse000479,,,BMRB_ID,D2O,101184,C05620,CC(=O)N[C@H](CC1=CC=CC=C1)C(=O)O,
YES,659,N-acetyl-histidine,bmse000707,,,BMRB_ID,D2O,273260,,CC(=O)NC(CC1=CN=CN1)C(=O)O,
YES,143,N-Acetyl-L-alanine,bmse000157,,,BMRB_ID,D2O,7345,,CC(C(=O)O)NC(=O)C,
YES,384,N-acetyl-L-aspartic acid,bmse000423,,,BMRB_ID,D2O,65065,C01042,CC(=O)N[C@@H](CC(=O)O)C(=O)O,
YES,347,N-Acetyl-L-glutamic acid,bmse000382,,,BMRB_ID,D2O,70914,C00624,CC(=O)N[C@@H](CCC(=O)O)C(=O)O,
YES,133,N-Acetyl-L-Glutamine,bmse000145,,,BMRB_ID,D2O,25561,,CC(=O)NC(CCC(=O)N)C(=O)O,
YES,565,n-acetylglycine,bmse000610,,,BMRB_ID,D2O,10972,,CC(=O)NCC(=O)O,
YES,52,N-Acetylneuraminic acid,bmse000057,,,BMRB_ID,D2O,439197,C00270,CC(=O)N[C@@H]1[C@H](CC(O[C@H]1[C@@H]([C@@H](CO)O)O)(C(=O)O)O)O,
YES,740,N-alpha-Acetyl-L-lysine,bmse000830,,,BMRB_ID,D2O,92907,,CC(=O)N[C@@H](CCCCN)C(=O)O,
YES,341,N-carbamyl-L-glutamic acid,bmse000376,,,BMRB_ID,D2O,3679006,,C(CC(=O)O)C(C(=O)O)NC(=O)N,
YES,585,N-cyclohexylformamide,bmse000630,,,BMRB_ID,D2O,13017,C11519,C1CCC(CC1)NC=O,
YES,609,N-cyclohexylsulfamic acid,bmse000657,,,BMRB_ID,D2O,7533,,C1CCC(CC1)NS(=O)(=O)O,
YES,691,N-methyl-L-aspartic acid,bmse000741,,,BMRB_ID,D2O,92982,,CN[C@@H](CC(=O)O)C(=O)O,
YES,688,N-methylurea,bmse000738,,,BMRB_ID,D2O,11719,C16363,CNC(=O)N,
YES,661,"N,N-dimethylformamide",bmse000709,,,BMRB_ID,benzene,6228,C03134,CN(C)C=O,
YES,215,"N,N-Dimethylglycine",bmse000241,,,BMRB_ID,D2O,673,C01026,CN(C)CC(=O)O,
YES,176,N(alpha)-Acetyl-DL-ornithine,bmse000195,,,BMRB_ID,D2O,439232,C00437,CC(=O)N[C@@H](CCCN)C(=O)O,
YES,48,NAD,bmse000053,,,BMRB_ID,D2O,5892,C00003,C1=CC(=C[N+](=C1)[C@H]2[C@@H]([C@@H]([C@H](O2)COP(=O)([O-])OP(=O)(O)OC[C@@H]3[C@H]([C@H]([C@@H](O3)N4C=NC5=C4N=CN=C5N)O)O)O)O)C(=O)N,
YES,49,NADH,bmse000054,,,BMRB_ID,D2O,439153,C00004,C1C=CN(C=C1C(=O)N)[C@H]2[C@@H]([C@@H]([C@H](O2)COP(=O)(O)OP(=O)(O)OC[C@@H]3[C@H]([C@H]([C@@H](O3)N4C=NC5=C4N=CN=C5N)O)O)O)O,
YES,236,NADP+,bmse000263,,,BMRB_ID,D2O,5885,C00006,C1=CC(=C[N+](=C1)[C@H]2[C@@H]([C@@H]([C@H](O2)COP(=O)([O-])OP(=O)(O)OC[C@@H]3[C@H]([C@H]([C@@H](O3)N4C=NC5=C4N=CN=C5N)OP(=O)(O)O)O)O)O)C(=O)N,
YES,50,NADPH,bmse000055,,,BMRB_ID,D2O,5884,C00005,C1C=CN(C=C1C(=O)N)[C@H]2[C@@H]([C@@H]([C@H](O2)COP(=O)(O)OP(=O)(O)OC[C@@H]3[C@H]([C@H]([C@@H](O3)N4C=NC5=C4N=CN=C5N)OP(=O)(O)O)O)O)O,
YES,709,neostigmine,bmse000762,,,BMRB_ID,D2O,4456,C07258,CN(C)C(=O)OC1=CC=CC(=C1)[N+](C)(C)C,
YES,322,Nepsilon-Acetyl-L-lysine,bmse000353,,,BMRB_ID,D2O,92832,C02727,CC(=O)NCCCC[C@@H](C(=O)O)N,
YES,253,Nicotinamide,bmse000281,,,BMRB_ID,D2O,936,C00153,C1=CC(=CN=C1)C(=O)N,
YES,233,Nicotinamide D-ribonucleotide,bmse000260,,,BMRB_ID,D2O,14180,C00455,C1=CC(=C[N+](=C1)[C@H]2[C@@H]([C@@H]([C@H](O2)COP(=O)(O)[O-])O)O)C(=O)N,
YES,95,Nicotinic acid,bmse000104,,,BMRB_ID,D2O,938,C00253,C1=CC(=CN=C1)C(=O)O,
YES,660,nicotinuric acid,bmse000708,,,BMRB_ID,D2O,68499,,C1=CC(=CN=C1)C(=O)NCC(=O)O,
YES,628,nitrobenzene,bmse000676,,,BMRB_ID,acetone,7416,C06813,C1=CC=C(C=C1)[N+](=O)[O-],
YES,796,nitrosobenzene,bmse000925,,,BMRB_ID,CDCl3,11473,C06876,C1=CC=C(C=C1)N=O,
YES,710,nonactin,bmse000763,,,BMRB_ID,CDCl3,72519,C11186,C[C@@H]1C[C@H]2CC[C@H](O2)[C@@H](C(=O)O[C@H](C[C@@H]3CC[C@@H](O3)[C@H](C(=O)O[C@@H](C[C@H]4CC[C@H](O4)[C@@H](C(=O)O[C@H](C[C@@H]5CC[C@@H](O5)[C@H](C(=O)O1)C)C)C)C)C)C)C,
YES,711,Nonadecane,bmse000764,,,BMRB_ID,CDCl3,12401,,CCCCCCCCCCCCCCCCCCC,
YES,456,Nonanoic Acid,bmse000499,,,BMRB_ID,CDCl3,8158,C01601,CCCCCCCCC(=O)O,
YES,854,O-Acetyl-L-serine,bmse000983,,,BMRB_ID,D2O,99478,C00979,CC(=O)OC[C@@H](C(=O)O)N,
YES,393,o-Cresol,bmse000433,,,BMRB_ID,D2O,335,C01542,CC1=CC=CC=C1O,
YES,675,o-fluoroaniline,bmse000724,,,BMRB_ID,D2O,9584,C11010,C1=CC=C(C(=C1)N)F,
YES,586,O-phospho-DL-threonine,bmse000631,,,BMRB_ID,D2O,1016,,CC(C(C(=O)O)N)OP(=O)(O)O,
YES,362,O-Phospho-L-serine,bmse000399,,,BMRB_ID,D2O,68841,C01005,C([C@@H](C(=O)O)N)OP(=O)(O)O,
YES,53,O-Succinyl-L-homoserine,bmse000058,,,BMRB_ID,D2O,439406,C01118,C(COC(=O)CCC(=O)O)[C@@H](C(=O)O)N,
YES,512,o-tolualdehyde,bmse000556,,,BMRB_ID,CDCl3,10722,C07214,CC1=CC=CC=C1C=O,
YES,513,o-toluic acid,bmse000557,,,BMRB_ID,CDCl3,8373,C07215,CC1=CC=CC=C1C(=O)O,
YES,482,o-xylene,bmse000526,,,BMRB_ID,CDCl3,7237,C07212,CC1=CC=CC=C1C,
YES,605,"O,O-diethyl thiophosphate",bmse000653,,,BMRB_ID,D2O,23664334,,CCOP(=S)([O-])OCC.[K+],
YES,835,Ocimene,bmse000964,,,BMRB_ID,CDCl3,5281553,C09873,CC(=CC/C=C(\C)/C=C)C,
YES,712,octamethylcyclotetrasiloxane,bmse000765,,,BMRB_ID,CDCl3,11169,,C[Si]1(O[Si](O[Si](O[Si](O1)(C)C)(C)C)(C)C)C,
YES,760,octanal,bmse000851,,,BMRB_ID,methanol,454,C01545,CCCCCCCC=O,
YES,438,Octane,bmse000480,,,BMRB_ID,CDCl3,356,C01387,CCCCCCCC,
YES,459,Octanoic Acid,bmse000502,,,BMRB_ID,CDCl3,379,,CCCCCCCC(=O)O,
YES,255,Orotate,bmse000283,,,BMRB_ID,D2O,967,C00295,C1=C(NC(=O)NC1=O)C(=O)O,
YES,713,orthanilic acid,bmse000766,,,BMRB_ID,D2O,6926,C06333,C1=CC=C(C(=C1)N)S(=O)(=O)O,
YES,97,Oxalate,bmse000106,,,BMRB_ID,D2O,971,C00209,C(=O)(C(=O)O)O,
YES,325,p-Anisic_acid,bmse000356,,,BMRB_ID,D2O,7478,C02519,COC1=CC=C(C=C1)C(=O)O,
YES,566,p-coumaraldehyde,bmse000611,,,BMRB_ID,DMSO,641301,C05608,C1=CC(=CC=C1/C=C/C=O)O,
YES,546,p-coumaric acid,bmse000591,,,BMRB_ID,DMSO,637542,C00811,C1=CC(=CC=C1/C=C/C(=O)O)O,
YES,547,p-coumaryl alcohol,bmse000592,,,BMRB_ID,DMSO,5280535,C02646,C1=CC(=CC=C1/C=C/CO)O,
YES,417,p-Cresol,bmse000458,,,BMRB_ID,D2O,2879,C01468,CC1=CC=C(C=C1)O,
YES,460,p-cymene,bmse000503,,,BMRB_ID,CDCl3,7463,C06575,CC1=CC=C(C=C1)C(C)C,
YES,689,p-fluorobenzoic acid,bmse000739,,,BMRB_ID,D2O,9973,C02371,C1=CC(=CC=C1C(=O)O)F,
YES,548,p-hydroxyacetophenone,bmse000593,,,BMRB_ID,DMSO,7469,C10700,CC(=O)C1=CC=C(C=C1)O,
YES,483,p-tolualdehyde,bmse000527,,,BMRB_ID,CDCl3,7725,C06758,CC1=CC=C(C=C1)C=O,
YES,377,p-Toluic acid,bmse000414,,,BMRB_ID,D2O,7470,C01454,CC1=CC=C(C=C1)C(=O)O,
YES,744,p-xylene,bmse000834,,,BMRB_ID,CDCl3,7809,C06756,CC1=CC=C(C=C1)C,
YES,545,palmitic acid,bmse000590,,,BMRB_ID,CDCl3,985,,CCCCCCCCCCCCCCCC(=O)O,
YES,797,Palmitoleic,bmse000926,,,BMRB_ID,CDCl3,445638,C08362,CCCCCC/C=C\CCCCCCCC(=O)O,
YES,259,Pantothenate,bmse000287,,,BMRB_ID,D2O,6613,C00864,CC(C)(CO)[C@H](C(=O)NCCC(=O)O)O,
YES,697,Parabanic acid,bmse000748,,,BMRB_ID,D2O,67126,,C1(=O)C(=O)NC(=O)N1,
YES,649,pentachlorophenol,bmse000697,,,BMRB_ID,ethanol,992,,C1(=C(C(=C(C(=C1Cl)Cl)Cl)Cl)Cl)O,
YES,514,pentadecanoic acid,bmse000558,,,BMRB_ID,CDCl3,13849,C16537,CCCCCCCCCCCCCCC(=O)O,
YES,761,Petroselinic acid,bmse000852,,,BMRB_ID,methanol,5281125,C08363,CCCCCCCCCCC/C=C\CCCCC(=O)O,
YES,516,phenanthrene,bmse000560,,,BMRB_ID,CDCl3,995,C11422,C1=CC=C2C(=C1)C=CC3=CC=CC=C32,
YES,342,Phenethylamine,bmse000377,,,BMRB_ID,D2O,1001,C05332,C1=CC=C(C=C1)CCN,
YES,262,Phenol,bmse000290,,,BMRB_ID,D2O,996,C00146,C1=CC=C(C=C1)O,
YES,692,phenoxyacetic acid,bmse000742,,,BMRB_ID,D2O,19188,C02181,C1=CC=C(C=C1)OCC(=O)O,
YES,439,Phenyl Acetate,bmse000481,,,BMRB_ID,CDCl3,31229,C00548,CC(=O)OC1=CC=CC=C1,
YES,716,Phenyl beta-D-glucoside,bmse000770,,,BMRB_ID,methanol,65080,C03097,C1=CC=C(C=C1)O[C@H]2[C@@H]([C@H]([C@@H]([C@H](O2)CO)O)O)O,
YES,196,Phenylacetic acid,bmse000220,,,BMRB_ID,D2O,999,C07086,C1=CC=C(C=C1)CC(=O)O,
YES,610,phenylacetylglycine,bmse000658,,,BMRB_ID,D2O,68144,C05598,C1=CC=C(C=C1)CC(=O)NCC(=O)O,
YES,693,phenylglyoxylic acid,bmse000743,,,BMRB_ID,D2O,11915,C02137,C1=CC=C(C=C1)C(=O)C(=O)O,
YES,701,Phenylmethanesulfonyl fluoride,bmse000752,,,BMRB_ID,CDCl3,4784,C06747,C1=CC=C(C=C1)CS(=O)(=O)F,
YES,98,Phosphoenolpyruvic acid,bmse000107,,,BMRB_ID,D2O,6315,C00074,C=C(C(=O)O)OP(=O)(O)[O-],
YES,612,phosphonoacetic acid,bmse000660,,,BMRB_ID,D2O,546,C05682,C(C(=O)O)P(=O)(O)O,
YES,424,Phthalaldehydic acid,bmse000465,,,BMRB_ID,D2O,16211212,,C1=CC=C(C(=C1)C=O)C(=O)O,
YES,355,Phthalic acid,bmse000391,,,BMRB_ID,D2O,1017,C01606,C1=CC=C(C(=C1)C(=O)O)C(=O)O,
YES,755,Phthalic acid diethyl ester,bmse000846,,,BMRB_ID,CDCl3,6781,C14175,CCOC(=O)C1=CC=CC=C1C(=O)OCC,
YES,323,Pimelic acid,bmse000354,,,BMRB_ID,D2O,385,C02656,C(CCC(=O)O)CCC(=O)O,
YES,517,pinocarveol,bmse000561,,,BMRB_ID,CDCl3,12314318,,CC1(C2CC1C(=C)[C@@H](C2)O)C,
YES,204,Polygalacturonic acid,bmse000228,,,BMRB_ID,D2O,445929,C00333,[C@@H]1([C@H]([C@H](O[C@@H]([C@@H]1O)O)C(=O)O)O)O,
YES,702,Polyoxyethylene 23 lauryl ether,bmse000753,,,BMRB_ID,CDCl3,24750,,CCCCCCCCCCCCOCCO,
YES,703,Precocene 1,bmse000754,,,BMRB_ID,CDCl3,28619,C09017,CC1(C=CC2=C(O1)C=C(C=C2)OC)C,
YES,99,Prephenic acid,bmse000108,,,BMRB_ID,D2O,1028,C00254,C1=CC(C=CC1O)(CC(=O)C(=O)O)C(=O)O,
YES,704,Procyclidine,bmse000755,,,BMRB_ID,CDCl3,4919,C07378,C1CCC(CC1)C(CCN2CCCC2)(C3=CC=CC=C3)O,
YES,440,Progesterone,bmse000482,,,BMRB_ID,CDCl3,5994,,CC(=O)[C@H]1CC[C@@H]2[C@@]1(CC[C@H]3[C@H]2CCC4=CC(=O)CC[C@]34C)C,
YES,406,propanol,bmse000446,,,BMRB_ID,D2O,1031,C05979,CCCO,
YES,330,Propargyl alcohol,bmse000363,,,BMRB_ID,D2O,7859,C05986,C#CCO,
YES,163,Propionic acid,bmse000179,,,BMRB_ID,D2O,1032,C00163,CCC(=O)O,
YES,414,purine,bmse000454,,,BMRB_ID,D2O,1044,C00465,C1=C2C(=NC=N1)N=CN2,
YES,100,"Putrescine (1,4 diaminobutane)",bmse000109,,,BMRB_ID,D2O,1045,C00134,C(CCN)CN,
YES,392,Pyridine,bmse000432,,,BMRB_ID,D2O,1049,C00747,C1=CC=NC=C1,
YES,101,Pyridoxal,bmse000110,,,BMRB_ID,D2O,1050,C00250,CC1=NC=C(C(=C1O)C=O)CO,
YES,102,Pyridoxal-5-phosphate,bmse000111,,,BMRB_ID,D2O,1051,C00018,CC1=NC=C(C(=C1O)C=O)COP(=O)(O)O,
YES,119,Pyridoxamine,bmse000130,,,BMRB_ID,D2O,1052,C00534,CC1=NC=C(C(=C1O)CN)CO,
YES,120,Pyridoxamine-5-phosphate,bmse000131,,,BMRB_ID,D2O,1053,C00647,CC1=NC=C(C(=C1O)CN)COP(=O)(O)O,
YES,260,Pyridoxine,bmse000288,,,BMRB_ID,D2O,1054,C00314,CC1=NC=C(C(=C1O)CO)CO,
YES,350,Pyrocatechol,bmse000385,,,BMRB_ID,D2O,289,C01785,C1=CC=C(C(=C1)O)O,
YES,717,Pyromellitic acid,bmse000771,,,BMRB_ID,methanol,6961,,C1=C(C(=CC(=C1C(=O)O)C(=O)O)C(=O)O)C(=O)O,
YES,103,Pyruvic acid,bmse000112,,,BMRB_ID,D2O,1060,C00022,CC(=O)C(=O)O,
YES,380,quinaldic acid,bmse000417,,,BMRB_ID,D2O,7124,C06325,C1=CC=C2C(=C1)C=CC(=N2)C(=O)O,
YES,467,quinidine,bmse000511,,,BMRB_ID,CDCl3,441074,C06527,COC1=CC2=C(C=CN=C2C=C1)[C@@H]([C@H]3C[C@@H]4CCN3C[C@@H]4C=C)O,
YES,195,Quinolinic acid,bmse000219,,,BMRB_ID,D2O,1066,C03722,C1=CC(=C(N=C1)C(=O)O)C(=O)O,
YES,388,R-(-)-Citramalic acid,bmse000428,,,BMRB_ID,D2O,439766,C02612,C[C@@](CC(=O)O)(C(=O)O)O,
YES,441,R-(+)-2-Pyrrolidinone-5-carboxylate,bmse000483,,,BMRB_ID,D2O,439685,C02237,C1CC(=O)N[C@H]1C(=O)O,
YES,197,Raffinose,bmse000221,,,BMRB_ID,D2O,439242,C00492,C([C@@H]1[C@@H]([C@@H]([C@H]([C@H](O1)OC[C@@H]2[C@H]([C@@H]([C@H]([C@H](O2)O[C@]3([C@H]([C@@H]([C@H](O3)CO)O)O)CO)O)O)O)O)O)O)O,
YES,378,Resorcinol,bmse000415,,,BMRB_ID,D2O,5054,,C1=CC(=CC(=C1)O)O,
YES,518,retinoic acid,bmse000562,,,BMRB_ID,CDCl3,444795,,CC1=C(C(CCC1)(C)C)\C=C\C(=C\C=C\C(=C\C(=O)O)\C)\C,
YES,458,Retinyl palmitate,bmse000501,,,BMRB_ID,CDCl3,5280531,,CCCCCCCCCCCCCCCC(=O)OC\C=C(/C)\C=C\C=C(/C)\C=C\C1=C(CCCC1(C)C)C,
YES,749,rhodanine,bmse000840,,,BMRB_ID,methanol,1201546,C07280,C1C(=O)NC(=S)S1,
YES,600,rosmarinic acid,bmse000648,,,BMRB_ID,methanol,5281792,C10489,C1=CC(=C(C=C1C[C@H](C(=O)O)OC(=O)/C=C/C2=CC(=C(C=C2)O)O)O)O,
YES,54,"S-(5'-Adenosyl)-L-methionin""",bmse000059,,,BMRB_ID,D2O,34755,C00019,C[S+](CC[C@@H](C(=O)[O-])N)C[C@@H]1[C@H]([C@H]([C@@H](O1)N2C=NC3=C2N=CN=C3N)O)O,
YES,261,S-Adenosyl-L-homocysteine,bmse000289,,,BMRB_ID,D2O,439155,C00021,C1=NC2=C(C(=N1)N)N=CN2[C@H]3[C@@H]([C@@H]([C@H](O3)CSCC[C@@H](C(=O)O)N)O)O,
YES,629,salicylaldehyde,bmse000677,,,BMRB_ID,benzene,6998,C06202,C1=CC=C(C(=C1)C=O)O,
YES,225,Salicylate,bmse000252,,,BMRB_ID,D2O,338,C00805,C1=CC=C(C(=C1)C(=O)O)O,
YES,718,Salicylhydroxamic Acid,bmse000772,,,BMRB_ID,methanol,66644,C11343,C1=CC=C(C(=C1)C(=O)NO)O,
YES,714,saligenin,bmse000768,,,BMRB_ID,D2O,5146,C02323,C1=CC=C(C(=C1)CO)O,
YES,146,Sarcosine,bmse000160,,,BMRB_ID,D2O,1088,C00213,CNCC(=O)O,
YES,104,scyllo-Inositol,bmse000113,,,BMRB_ID,D2O,892,C06153,C1(C(C(C(C(C1O)O)O)O)O)O,
YES,676,sec-butylbenzene,bmse000725,,,BMRB_ID,acetone,8680,C14142,CCC(C)C1=CC=CC=C1,
YES,263,Selenomethionine,bmse000291,,,BMRB_ID,D2O,15103,C05335,C[Se]CCC(C(=O)O)N,
YES,706,serotonin,bmse000757,,,BMRB_ID,D2O,5202,C00780,C1=CC2=C(C=C1O)C(=CN2)CCN,
YES,105,Shikimic acid,bmse000114,,,BMRB_ID,D2O,8742,C00493,C1[C@H]([C@@H]([C@@H](C=C1C(=O)O)O)O)O,
YES,561,sinapaldehyde,bmse000606,,,BMRB_ID,DMSO,5280802,C05610,COC1=CC(=CC(=C1O)OC)/C=C/C=O,
YES,288,Sinapic acid,bmse000318,,,BMRB_ID,D2O,637775,C00482,COC1=CC(=CC(=C1O)OC)\C=C\C(=O)O,
YES,549,sinapinic acid,bmse000594,,,BMRB_ID,DMSO,637775,C00482,COC1=CC(=CC(=C1O)OC)/C=C/C(=O)O,
YES,567,sinapyl alcohol,bmse000612,,,BMRB_ID,DMSO,5280507,C02325,COC1=CC(=CC(=C1O)OC)/C=C/CO,
YES,832,Sodium,bmse000961,,,BMRB_ID,DMSO,65076,C18043,C[C@H](CCCC(C)C)[C@H]1CC[C@@H]2[C@@]1(CC[C@H]3[C@H]2CC=C4[C@@]3(CC[C@@H](C4)OS(=O)(=O)O)C)C,
YES,107,Spermidine,bmse000116,,,BMRB_ID,D2O,1102,C00315,C(CCNCCCN)CN,
YES,108,Spermine,bmse000117,,,BMRB_ID,D2O,1103,C00750,C(CCNCCCN)CNCCCN,
YES,442,squalene,bmse000484,,,BMRB_ID,CDCl3,5280370,C00751,CC(=CCCC(=CCCC(=CCC\C=C(/C)\CCC=C(C)CCC=C(C)C)C)C)C,
YES,214,Stachyose,bmse000240,,,BMRB_ID,D2O,439531,C01613,C([C@@H]1[C@@H]([C@@H]([C@H]([C@H](O1)OC[C@@H]2[C@@H]([C@@H]([C@H]([C@H](O2)OC[C@@H]3[C@H]([C@@H]([C@H]([C@H](O3)O[C@]4([C@H]([C@@H]([C@H](O4)CO)O)O)CO)O)O)O)O)O)O)O)O)O)O,
YES,443,Stearic Acid,bmse000485,,,BMRB_ID,CDCl3,5281,,CCCCCCCCCCCCCCCCCC(=O)O,
YES,484,stigmasterol,bmse000528,,,BMRB_ID,CDCl3,5281330,C08836,CC[C@@H](\C=C\[C@@H](C)[C@H]1CC[C@@H]2[C@@]1(CC[C@H]3[C@H]2CC=C4[C@@]3(CC[C@@H](C4)O)C)C)C(C)C,
YES,343,suberic acid,bmse000378,,,BMRB_ID,D2O,10457,C08278,C(CCCC(=O)O)CCC(=O)O,
YES,166,Succinic acid,bmse000183,,,BMRB_ID,D2O,1110,C00042,C(CC(=O)O)C(=O)O,
YES,109,Sucrose,bmse000119,,,BMRB_ID,D2O,5988,C00089,C([C@@H]1[C@H]([C@@H]([C@H]([C@H](O1)O[C@]2([C@H]([C@@H]([C@H](O2)CO)O)O)CO)O)O)O)O,
YES,677,sulfanilic acid,bmse000726,,,BMRB_ID,D2O,8479,C06335,C1=CC(=CC=C1N)S(=O)(=O)O,
YES,587,sulfoacetic acid,bmse000632,,,BMRB_ID,D2O,31257,C14179,C(C(=O)O)S(=O)(=O)O,
YES,550,syringaldehyde,bmse000595,,,BMRB_ID,DMSO,8655,,COC1=CC(=CC(=C1O)OC)C=O,
YES,562,syringic acid,bmse000607,,,BMRB_ID,DMSO,10742,C10833,COC1=CC(=CC(=C1O)OC)C(=O)O,
YES,568,syringin,bmse000613,,,BMRB_ID,DMSO,5316860,C01533,COC1=CC(=CC(=C1O[C@H]2[C@@H]([C@H]([C@@H]([C@H](O2)CO)O)O)O)OC)/C=C/CO,
YES,110,Taurine,bmse000120,,,BMRB_ID,D2O,1123,C00245,C(CS(=O)(=O)O)N,
YES,798,Taurocholic,bmse000927,,,BMRB_ID,DMSO,6675,,C[C@H](CCC(=O)NCCS(=O)(=O)O)[C@H]1CC[C@@H]2[C@@]1([C@H](C[C@H]3[C@H]2[C@@H](C[C@H]4[C@@]3(CC[C@H](C4)O)C)O)O)C,
YES,461,Terpinolene,bmse000504,,,BMRB_ID,CDCl3,11463,C06075,CC1=CCC(=C(C)C)CC1,
YES,523,tetrabromobisphenol A,bmse000567,,,BMRB_ID,CDCl3,6618,C13620,CC(C)(C1=CC(=C(C(=C1)Br)O)Br)C2=CC(=C(C(=C2)Br)O)Br,
YES,588,tetrachloroethylene,bmse000633,,,BMRB_ID,CDCl3,31373,C06789,C(=C(Cl)Cl)(Cl)Cl,
YES,793,tetrahydrobiopterin,bmse000911,,,BMRB_ID,DMSO,44257,,C[C@@H]([C@@H]([C@H]1CNC2=C(N1)C(=O)N=C(N2)N)O)O,
YES,726,Tetramethylammonium ,bmse000780,,,BMRB_ID,D2O,6380,,C[N+](C)(C)C,
YES,246,Thiamin,bmse000274,,,BMRB_ID,D2O,1130,C00378,CC1=C(SC=[N+]1CC2=CN=C(N=C2N)C)CCO,
YES,651,thiamine monophosphate,bmse000699,,,BMRB_ID,D2O,1131,C01081,CC1=C(SC=[N+]1CC2=CN=C(N=C2N)C)CCOP(=O)(O)O,
YES,727,thioacetamide,bmse000781,,,BMRB_ID,D2O,2723949,,CC(=S)N,
YES,799,thiram,bmse000928,,,BMRB_ID,CDCl3,5455,C11160,CN(C)C(=S)SSC(=S)N(C)C,
YES,218,Thymidine,bmse000244,,,BMRB_ID,D2O,5789,C00214,CC1=CN(C(=O)NC1=O)[C@H]2C[C@@H]([C@H](O2)CO)O,
YES,112,trans 4 Hydroxy-L-proline,bmse000123,,,BMRB_ID,D2O,5810,C01015,C1[C@H](CN[C@@H]1C(=O)O)O,
YES,617,trans_dehydroandrosterone,bmse000665,,,BMRB_ID,acetone,5881,C01227,C[C@]12CC[C@H]3[C@H]([C@@H]1CCC2=O)CC=C4[C@@]3(CC[C@@H](C4)O)C,
YES,317,trans-2-Hydroxycinnamic acid,bmse000347,,,BMRB_ID,D2O,637540,C03549,C1=CC=C(C(=C1)\C=C\C(=O)O)O,
YES,678,"trans-2,3-dimethylacrylic acid",bmse000727,,,BMRB_ID,D2O,125468,C08279,C/C=C(\C)/C(=O)O,
YES,551,trans-3-hexenedioic acid,bmse000596,,,BMRB_ID,D2O,5351896,,C(/C=C/CC(=O)O)C(=O)O,
YES,84,trans-3-Hydroxycinnamic acid,bmse000093,,,BMRB_ID,D2O,637541,C12621,C1=CC(=CC(=C1)O)\C=C\C(=O)O,
YES,113,trans-Cinnamic acid,bmse000124,,,BMRB_ID,D2O,444539,C00423,C1=CC=C(C=C1)\C=C\C(=O)O,
YES,422,trans-trans-Muconic acid,bmse000463,,,BMRB_ID,D2O,5356793,,C(=C/C(=O)O)\C=C\C(=O)O,
YES,723,Tributyl Phosphate,bmse000777,,,BMRB_ID,benzene,31357,C14439,CCCCOP(=O)(OCCCC)OCCCC,
YES,344,triethanolamine,bmse000379,,,BMRB_ID,D2O,7618,C06771,C(CO)N(CCO)CCO,
YES,719,triethylenetetramine,bmse000773,,,BMRB_ID,D2O,5565,C07166,C(CNCCNCCN)N,
YES,139,Trigonelline,bmse000152,,,BMRB_ID,D2O,5570,C01004,C[N+]1=CC=CC(=C1)C(=O)[O-],
YES,720,Trimethyl Phosphate,bmse000774,,,BMRB_ID,D2O,10541,,COP(=O)(OC)OC,
YES,200,Trimethylamine,bmse000224,,,BMRB_ID,D2O,1146,C00565,CN(C)C,
YES,387,Trimethylamine N-oxide,bmse000426,,,BMRB_ID,D2O,1145,C01104,C[N+](C)(C)[O-],
YES,376,Tropic acid,bmse000413,,,BMRB_ID,D2O,10726,C01456,C1=CC=C(C=C1)C(CO)C(=O)O,
YES,845,Tropine,bmse000974,,,BMRB_ID,CDCl3,8424,C00729,CN1C2CCC1CC(C2)O,
YES,187,Tryptamine,bmse000207,,,BMRB_ID,D2O,1150,C00398,C1=CC=C2C(=C1)C(=CN2)CCN,
YES,217,Tyramine,bmse000243,,,BMRB_ID,D2O,5610,C00483,C1=CC(=CC=C1CCN)O,
YES,866,UDP galactose,bmse001024,,,BMRB_ID,D2O,16218791,,C1=CN(C(=O)NC1=O)C2[C@@H]([C@@H]([C@H](O2)COP(=O)([O-])OP(=O)([O-])OC3[C@@H]([C@H]([C@H]([C@H](O3)CO)O)O)O)O)O.[Na+].[Na+],
YES,239,UDP,bmse000266,,,BMRB_ID,D2O,6031,C00015,C1=CN(C(=O)NC1=O)[C@H]2[C@@H]([C@@H]([C@H](O2)COP(=O)(O)OP(=O)(O)O)O)O,
YES,264,UDP glucuronate,bmse000292,,,BMRB_ID,D2O,17473,C00167,C1=CN(C(=O)NC1=O)[C@H]2[C@@H]([C@@H]([C@H](O2)COP(=O)(O)OP(=O)(O)O[C@@H]3[C@@H]([C@H]([C@@H]([C@H](O3)C(=O)O)O)O)O)O)O,
YES,252,UMP,bmse000280,,,BMRB_ID,D2O,6030,C00105,C1=CN(C(=O)NC1=O)[C@H]2[C@@H]([C@@H]([C@H](O2)COP(=O)(O)O)O)O,
YES,756,undecanedioic acid,bmse000847,,,BMRB_ID,methanol,15816,,C(CCCCC(=O)O)CCCCC(=O)O,
YES,519,undecanoic acid,bmse000563,,,BMRB_ID,CDCl3,8180,,CCCCCCCCCCC(=O)O,
YES,169,Uracil,bmse000187,,,BMRB_ID,D2O,1174,C00106,C1=CNC(=O)NC1=O,
YES,413,Ureidosuccinic acid,bmse000453,,,BMRB_ID,D2O,279,,C(C(C(=O)O)NC(=O)N)C(=O)O,
YES,115,Uric acid,bmse000126,,,BMRB_ID,D2O,1175,C00366,C12=C(NC(=O)N1)NC(=O)NC2=O,
YES,144,Uridine,bmse000158,,,BMRB_ID,D2O,6029,C00299,C1=CN(C(=O)NC1=O)[C@H]2[C@@H]([C@@H]([C@H](O2)CO)O)O,
YES,170,Uridine 5'-diphospho-N-acetlyglucosamine,bmse000188,,,BMRB_ID,D2O,10705,,CC(=O)N[C@@H]1[C@H]([C@@H]([C@H](O[C@H]1OP(=O)(O)OP(=O)(O)OC[C@@H]2[C@H]([C@H]([C@@H](O2)N3C=CC(=O)NC3=O)O)O)CO)O)O,
YES,251,Urocanate,bmse000279,,,BMRB_ID,D2O,736715,C00785,C1=C(NC=N1)/C=C/C(=O)O,
YES,267,UTP,bmse000295,,,BMRB_ID,D2O,6133,C00075,C1=CN(C(=O)NC1=O)[C@H]2[C@@H]([C@@H]([C@H](O2)COP(=O)(O)OP(=O)(O)OP(=O)(O)O)O)O,
YES,315,Valeric acid,bmse000345,,,BMRB_ID,D2O,7991,C00803,CCCCC(=O)O,
YES,444,vanillic acid,bmse000486,,,BMRB_ID,D2O,8468,C06672,COC1=C(C=CC(=C1)C(=O)O)O,
YES,313,vanillin,bmse000343,,,BMRB_ID,D2O,1183,,COC1=C(C=CC(=C1)C=O)O,
YES,116,Xanthine,bmse000127,,,BMRB_ID,D2O,1188,C00385,C1=NC2=C(N1)C(=O)NC(=O)N2,
YES,117,Xanthosine,bmse000128,,,BMRB_ID,D2O,64959,C01762,C1=NC2=C(N1[C@H]3[C@@H]([C@@H]([C@H](O3)CO)O)O)NC(=O)NC2=O,
YES,118,Xylitol,bmse000129,,,BMRB_ID,D2O,6912,C00379,C([C@@H](C([C@@H](CO)O)O)O)O,